id_funcionario,id_loja,nome_funcionario,passaporte_funcionario,situacao_funcionario,cargo_funcionario,salario_funcionario
1,17,"Martinez, Cindy",ALDS8YKWH,CONTRATADO,VENDEDOR,7.239256128332712e-4
2,91,"Mack, Ebony",NXVU2EBZA,CONTRATADO,VENDEDOR,5.9002720013449865e-5
3,62,"Montes De Oca, Robert",KETKH42SM,CONTRATADO,VENDEDOR,6.133940244799149e-4
4,51,"Martinez, Dinorah",MBH7LK96S,DESLIGADO,VENDEDOR,6.564729295334913e-4
5,57,"Aguilar, Cecilia",79UXX50D6,DESLIGADO,VENDEDOR,4.473233191054992e-4
6,41,"Ramirez Beltran, Sarah",N6IUTLZZK,DESLIGADO,VENDEDOR,3.179874509404946e-4
7,12,"Matos, Alejandra",5SU5V3QKI,CONTRATADO,VENDEDOR,7.200754377990961e-5
8,24,"Monge, Angelica",R9NE0FWZY,CONTRATADO,VENDEDOR,1.0830844566226006e-5
9,92,"Sutton, Brian",O7V9KTE4W,CONTRATADO,VENDEDOR,2.697950145229697e-4
10,13,"Landeros, Loren",T529EQRW1,CONTRATADO,VENDEDOR,5.83904121037493e-4
11,33,"Buelna, Italia",GG1NFRV80,CONTRATADO,VENDEDOR,2.1633061580359936e-5
12,4,"Diaz, Cristian",MBL0WMB3G,CONTRATADO,VENDEDOR,6.496168803423644e-5
13,84,"Casias, Jesus",OW4NR7XMK,CONTRATADO,GERENTE,6.491907499730587e-6
14,74,"Aguilar, Catherine",ZGGZ05LEW,CONTRATADO,VENDEDOR,5.666603713993856e-4
15,61,"Miranda, Esmeralda",1JW6QN77D,CONTRATADO,VENDEDOR,0.0016840959980075649
16,86,"Corral Prado, Michelle",AOD40A7FV,CONTRATADO,VENDEDOR,1.745510000007256e-5
17,52,"Salgado Castaneda, Jesus",1E9NPCFCJ,CONTRATADO,GERENTE,3.412270806561757e-4
18,66,"Aviles, Rodrigo",BY78CPBWY,CONTRATADO,VENDEDOR,2.805929988454629e-4
19,87,"Porras Best, Aron",KRKO1CGKR,CONTRATADO,GERENTE,5.920811310074427e-4
20,76,"Marquez, Dominick",B98VNCIJ8,CONTRATADO,GERENTE,3.014100055973578e-4
21,13,"Valdez, Steven",TTRVZJZLW,CONTRATADO,VENDEDOR,2.4138499293476344e-4
22,37,"Mendoza, Jessica",171HLETE3,CONTRATADO,VENDEDOR,1.023493910077182e-4
23,91,"Martinez, Shyanne",0O2I6ZJLF,DESLIGADO,VENDEDOR,7.523952461779117e-5
24,45,"Torres, Marisa",N36AHKNYW,DESLIGADO,VENDEDOR,2.7329516019672156e-4
25,87,"Arias, Taylor",JQBQQD5RN,CONTRATADO,GERENTE,3.914440780710031e-4
26,92,"Rios, Valeria",LEVE9PJR7,CONTRATADO,GERENTE,5.844694265150321e-4
27,73,"Amaya Barrios, Tianna",MCWJIUZ30,CONTRATADO,GERENTE,1.2191416341811419e-4
28,87,"Morales, Ricardo",6GOVXK9J2,CONTRATADO,VENDEDOR,4.213461037557174e-4
29,1,"Munoz Mendoza, Brian",7XQPS9A8I,CONTRATADO,GERENTE,1.763062519952655e-4
30,18,"Puente, Brandon",CTBLLZ5F8,CONTRATADO,VENDEDOR,4.1498738264847293e-4
31,12,"Garrett, Tannis",LOPRDH056,CONTRATADO,GERENTE,1.773491408675909e-5
32,27,"Reyes, Donavan",WYG99FQ0S,CONTRATADO,GERENTE,9.330634754218201e-4
33,35,"Sanchez, Pedro",NU1JD25MH,PESSOA JURIDICA,GERENTE,2.5386048574000596e-4
34,91,"Freimark, Steven",QW9N88BQ6,CONTRATADO,GERENTE,8.789715565236952e-4
35,68,"Gonzales, Diana",TKIAJWYZ5,PESSOA JURIDICA,VENDEDOR,9.19834071208171e-5
36,77,"Robledo, Maria",1HE807PDK,PESSOA JURIDICA,GERENTE,3.029691241681576e-6
37,44,"Trujillo, Carlos",ZYUQPHW1X,CONTRATADO,VENDEDOR,7.558800440922945e-5
38,99,"Tercero-Chavez, Julia",YU688U651,CONTRATADO,VENDEDOR,1.963353832019066e-5
39,11,"Dominguez, Diana",SHC99WVGP,CONTRATADO,VENDEDOR,1.2573742251843214e-4
40,78,"Zamora Leon, Bianca",YBXJJ0E9O,DESLIGADO,GERENTE,0.001272625264458199
41,73,"Guevara, Gabriel",257BOZJWX,CONTRATADO,VENDEDOR,1.4687359146773815e-5
42,94,"Aguilar, Israel",TEFLNSIGR,CONTRATADO,VENDEDOR,4.3373768141675485e-4
43,72,"Marin, Francisca",HIUKZIP3P,CONTRATADO,VENDEDOR,1.1624786431962614e-4
44,88,"Martinez, Carlos",CSBBVTSBB,CONTRATADO,VENDEDOR,2.1496870648115874e-4
45,68,"Gruszeczka, Alexis",SN14QORQL,CONTRATADO,VENDEDOR,5.530798632483532e-4
46,18,"Perez Olivas, Deanna",9UQK6MGL0,CONTRATADO,VENDEDOR,2.60218414478004e-4
47,49,"Granillo, Jonathon",4409FQ5WF,CONTRATADO,GERENTE,1.5652076341211797e-4
48,91,"Banuelos Santoyo, Jeremiah",KETDYMO7D,PESSOA JURIDICA,VENDEDOR,1.3208751156926156e-4
49,68,"Trujillo Gallegos, Amber",DRCQZPU7J,PESSOA JURIDICA,GERENTE,0.0020934989160613163
50,2,"Contreras, Nachelle",JXFMUOBLP,DESLIGADO,VENDEDOR,4.5894595421817083e-4
51,70,"Romero, Carlos",42PIJU0II,CONTRATADO,VENDEDOR,8.539096183570768e-4
52,32,"Torres, Irene",IEIZY87Z3,CONTRATADO,GERENTE,1.8572933580726387e-4
53,60,"Garcia, Salomon",GNKNRARJQ,CONTRATADO,GERENTE,6.542112894020178e-4
54,44,"Martinez, Estiben",IUO7LQ7EA,CONTRATADO,VENDEDOR,1.0103822927922011e-4
55,30,"Castillo, Adolfo",43NRPPOTV,CONTRATADO,VENDEDOR,4.206619391558076e-6
56,92,"Johnson, Michael",V2AD9MLA8,DESLIGADO,VENDEDOR,1.3843093998730182e-4
57,51,"Wall, Tresa",82Q2GXZ5P,CONTRATADO,GERENTE,8.695235112994295e-4
58,30,"Martinez, Jose",E1Q4455HU,CONTRATADO,VENDEDOR,3.587010271382185e-4
59,75,"Montes Sandoval, Markus",V2VPLZMXB,CONTRATADO,GERENTE,4.275795653294374e-4
60,95,"Schaefer, Santiago",GB1AXYYLI,CONTRATADO,VENDEDOR,0.0012471800028605656
61,4,"Leyba, Tahlia",7YY9TS7YQ,CONTRATADO,GERENTE,2.0748779475688936e-4
62,92,"Padilla, Lyric",1BHVL6YDN,CONTRATADO,VENDEDOR,0.0012925234048886494
63,82,"Roybal, Griselda",4HKRVS5PF,CONTRATADO,VENDEDOR,2.903929140232724e-4
64,81,"Trujillo, Gabriel",HOVNEI8E5,CONTRATADO,VENDEDOR,8.921669982373715e-5
65,93,"Ramirez-Villalobos, Miguel",PHWFMFAGY,CONTRATADO,VENDEDOR,5.839549857703895e-6
66,12,"Gonzalez, Amanda",5UVJ72KAL,PESSOA JURIDICA,VENDEDOR,4.1447683720100415e-4
67,39,"Strother, Deanna",4WRTBU9G0,CONTRATADO,VENDEDOR,4.236200079321862e-6
68,86,"Flores, Shaleena",6O8NTAM5P,CONTRATADO,VENDEDOR,1.405660765245557e-4
69,82,"Salazar-Rocha, Isaac",OZ84T58ZX,CONTRATADO,VENDEDOR,6.016488906231957e-4
70,38,"Ramirez Erives, Destiny",GJDJLGD3W,CONTRATADO,VENDEDOR,4.79148343830506e-5
71,51,"Garza, Alejandro",L9VYPHEN1,CONTRATADO,VENDEDOR,1.2429608291769607e-4
72,3,"Brewer, Andrea",NNZPX4KDZ,PESSOA JURIDICA,VENDEDOR,8.641049168499853e-4
73,86,"Valdez, Justin",DY2QIHL99,CONTRATADO,VENDEDOR,0.001642357750898028
74,5,"Martinez, Ana",OLYLLI2CC,DESLIGADO,VENDEDOR,1.3135610638124415e-4
75,10,"Barela, Alexander",IWSFNAKDW,DESLIGADO,VENDEDOR,1.2328959030123693e-4
76,72,"Elliott, Raquel",N2MTMTLUQ,CONTRATADO,GERENTE,6.218102239072323e-5
77,91,"Espinoza, Carlos",88XMX0WCD,CONTRATADO,VENDEDOR,3.606472515413759e-4
78,35,"Gibbons, Lorenzo",43O9GSR78,CONTRATADO,VENDEDOR,1.9898625537753106e-4
79,40,"Serna, Natausha",EO3R0CX7Q,CONTRATADO,VENDEDOR,1.7373142169811508e-5
80,3,"Castaneda Gonzalez, Jorge",8M8Q07KHV,CONTRATADO,VENDEDOR,4.3320786355245607e-4
81,29,"Redfern, Norma",Y4T6F61TK,CONTRATADO,VENDEDOR,2.669820187613368e-4
82,78,"Pedraza, Larry",S63OQV323,DESLIGADO,GERENTE,2.879923619161893e-4
83,63,"Mayhue, Hailey",EILWKIPJ8,CONTRATADO,VENDEDOR,1.9478118497823186e-4
84,81,"Hoidal, Leslie",KAQEH2L99,PESSOA JURIDICA,VENDEDOR,7.311731483787299e-5
85,29,"Venegas, Josue",VFTBUJL0K,CONTRATADO,VENDEDOR,9.685690767558959e-4
86,2,"Gutierrez, Maria",OB20EW08A,CONTRATADO,GERENTE,3.7261147087622176e-4
87,58,"Koehn, Mario",9ELNIH83K,CONTRATADO,VENDEDOR,1.224595006555319e-4
88,29,"Vargas, Daniel",LKU8RURU3,CONTRATADO,GERENTE,3.655243546109202e-5
89,13,"Solis, Amy",DC75U7BUO,CONTRATADO,VENDEDOR,5.692981664855433e-5
90,93,"Gallegos, Stephania",9B8427E9E,CONTRATADO,GERENTE,2.0515090357512236e-4
91,78,"Chavez Medrano, Daniel",RIOLMS6Z7,CONTRATADO,GERENTE,4.3101011740045303e-4
92,62,"Segura, Sasha",2YW0ZW48U,PESSOA JURIDICA,GERENTE,1.1082872282713653e-4
93,48,"Espinoza, Marc",FEN36VX4G,CONTRATADO,GERENTE,6.080293059012987e-4
94,56,"Alvarado, Sergio",Q11BY728Q,CONTRATADO,VENDEDOR,8.989488295706655e-4
95,48,"Pantoya, Brianna",IQGUR779D,CONTRATADO,VENDEDOR,7.1839591261364e-4
96,9,"Fowler, Carlos",K9XBQY0FX,CONTRATADO,VENDEDOR,1.255084540694952e-4
97,1,"Gutierrez, Robert",BW75T4NG0,PESSOA JURIDICA,VENDEDOR,3.0807338282465935e-5
98,28,"Bustos, Osvaldo",XR5OH4DIO,CONTRATADO,GERENTE,2.639009300619364e-4
99,94,"Suazo, Manuel",UGS63A6AZ,CONTRATADO,VENDEDOR,1.5569377411156894e-4
100,3,"Maestas, Nancy",QWCNRDRVQ,DESLIGADO,GERENTE,1.545297335833311e-4
101,34,"Granath, Jose",SH05SWORX,PESSOA JURIDICA,GERENTE,2.3675266783684492e-4
102,14,"Lopez, Daniel",R34RK45YH,DESLIGADO,GERENTE,1.633269740268588e-4
103,43,"Cordova-Cuadrado, Julian",VOOPUSYDP,CONTRATADO,VENDEDOR,5.286984737794448e-4
104,31,"Manzanares, Madeline",T8WNLMN68,CONTRATADO,VENDEDOR,3.514188617299844e-4
105,100,"Romero, Luis",RPA93FRV5,CONTRATADO,VENDEDOR,5.758398231118918e-5
106,54,"Gutierrez Rosas, Abraham",7P39IHPYK,CONTRATADO,VENDEDOR,4.9946056678891185e-6
107,69,"Martinez, Rieanan",Y3FMX8D7N,CONTRATADO,VENDEDOR,2.288007000461221e-4
108,37,"Espinoza, Julia",822V1GLPK,CONTRATADO,VENDEDOR,8.474087662462264e-4
109,26,"Hernandez, Mariela",VRZR6PDPC,CONTRATADO,VENDEDOR,5.167840111832668e-4
110,5,"Meakins, Loreto",RVVXJEPJI,CONTRATADO,GERENTE,9.994707561525253e-4
111,37,"Hernandez, Angie",WFZKKV9M5,CONTRATADO,VENDEDOR,2.985888235270977e-5
112,51,"Aragon, Gustavo",0I2UAFW0L,CONTRATADO,VENDEDOR,2.5489355605095627e-4
113,38,"Muniz, Desirae",HIX4MX8SV,PESSOA JURIDICA,GERENTE,5.078872047196676e-4
114,65,"Meyemberg, Jonathan",2NFL206HQ,CONTRATADO,VENDEDOR,5.179610669444848e-4
115,53,"Perez, Denicia",KQ6XE902B,CONTRATADO,VENDEDOR,0.001187174987725754
116,53,"Figueroa, Andrew",2R84M7PQ9,CONTRATADO,VENDEDOR,2.5251402836292986e-4
117,68,"Carrillo, Jose",Z5OYSTLEJ,DESLIGADO,VENDEDOR,4.555163076378415e-5
118,84,"Jimenez, Rachel",QPGVLXNLT,CONTRATADO,GERENTE,6.842193171045877e-4
119,60,"De La Torre, Emilio",5H8QNTEL8,CONTRATADO,VENDEDOR,1.3879358023405075e-5
120,42,"Bueno, Anthony",N7ZITIK2Q,CONTRATADO,GERENTE,1.772361092379603e-4
121,24,"Lujan, Maria",IHCR87G7F,CONTRATADO,GERENTE,9.798972122371198e-5
122,76,"Gomez, Daniela",DJSV7IIJX,CONTRATADO,GERENTE,3.1104662183431363e-4
123,18,"Hernandez-Juarez, Sierra",68XMV9YZ1,CONTRATADO,VENDEDOR,5.74055095728407e-4
124,73,"Madrigal, Tessie",MC1BPTSKI,CONTRATADO,VENDEDOR,4.586339779647898e-5
125,14,"Melero Arroyo, Jose",1LORYU3GV,CONTRATADO,VENDEDOR,3.675120007246733e-5
126,80,"Gomez, Alexzandra",SGN0II8WU,DESLIGADO,VENDEDOR,9.449401564391997e-4
127,13,"Padilla, Mark",ZA9QELM1M,CONTRATADO,VENDEDOR,1.441280646249652e-4
128,74,"Rivas, Anthony",C3SO7GX19,CONTRATADO,VENDEDOR,3.722368385642767e-5
129,45,"Banuelos, Anissa",NVDGMGFAK,CONTRATADO,VENDEDOR,3.2116639306181536e-5
130,24,"Robles-Hernandez, Alejandra",3TZTAZBKR,CONTRATADO,GERENTE,1.233452481681152e-4
131,96,"Medina, Dominique",LHX7MH1U4,CONTRATADO,GERENTE,7.338509969413281e-5
132,65,"Navarro, Julian",SLJJ3JY8P,CONTRATADO,VENDEDOR,6.608539271693103e-4
133,54,"Russell, Lacey",AKKHHEIZR,CONTRATADO,GERENTE,9.593634232878686e-5
134,44,"Camacho, Camila",K7PI35BZB,CONTRATADO,VENDEDOR,4.8679721875298515e-4
135,35,"Lara Gomez, Presiliana",83HWCZFRH,CONTRATADO,VENDEDOR,2.4686869718134404e-4
136,2,"Banuelos, Jesus",IVZHMB7BK,CONTRATADO,GERENTE,1.3452487066388132e-5
137,82,"Guerrero, Kianna",VTV1BF3LN,DESLIGADO,VENDEDOR,1.1879172213375569e-4
138,77,"Romero, Maxanne",EU1815LV9,CONTRATADO,VENDEDOR,9.732444442304517e-4
139,52,"Cordova, Roberto",MNPT41FYL,DESLIGADO,VENDEDOR,9.147913641723539e-4
140,84,"Blocker, Olivia",3L0IWAUFL,CONTRATADO,VENDEDOR,1.9119540601968767e-4
141,29,"Lara, Jennifer",SWSXPU3CA,CONTRATADO,VENDEDOR,0.0010458589665087606
142,85,"Torres, Sheila",M3DBO58LI,DESLIGADO,GERENTE,0.0014535656473690514
143,20,"Gurule-Knutson, Phillip",2YUCDZTWM,CONTRATADO,GERENTE,7.397276416084863e-4
144,11,"Suriano, Ashley",KJ1F3VJJU,CONTRATADO,VENDEDOR,3.791623149875666e-5
145,58,"Gutierrez, Maria",081PCZVL4,CONTRATADO,GERENTE,9.022121461470499e-6
146,65,"Molina Carranza, Kaylah",EWE46FHAT,CONTRATADO,VENDEDOR,9.263668153434992e-5
147,89,"Torres De Los Santos, Matthew",PHQYSWQCG,CONTRATADO,GERENTE,1.6677715054432536e-4
148,59,"Wooten, Luis",3GN4JUEIC,CONTRATADO,GERENTE,3.9908450020659453e-4
149,58,"Hernandez, Chasity",IC9W5OZZF,CONTRATADO,VENDEDOR,6.317233685404063e-5
150,79,"Medina, Essli",2T8C69KX5,PESSOA JURIDICA,GERENTE,2.280751407173009e-4
151,63,"Arisiaga, Marcus",70AW53AOS,PESSOA JURIDICA,VENDEDOR,2.8707533149086025e-6
152,5,"Payan, Angel",MD71Q6FPU,CONTRATADO,VENDEDOR,7.487143050504198e-4
153,92,"Michael, Lorenzo",G2HLSX244,CONTRATADO,VENDEDOR,0.0015687278947884087
154,36,"Hernandez, Leo",CBSFUB670,PESSOA JURIDICA,VENDEDOR,2.0023134124787668e-4
155,44,"Mendez, Valeria",HMTOHC78V,CONTRATADO,VENDEDOR,3.294361002569792e-4
156,13,"Benavidez, Esther",09A2CGJ99,DESLIGADO,VENDEDOR,5.243867635726929e-5
157,31,"Garcia, Gabriel",6UMU2T8C5,PESSOA JURIDICA,GERENTE,0.001402634348636294
158,57,"Pacheco, Selina",QZG8H7TGW,CONTRATADO,VENDEDOR,7.754000469706155e-4
159,11,"Saucedo, David",RJO8DMA7Y,DESLIGADO,VENDEDOR,6.078131593427755e-4
160,61,"Escareno, Michael",5HOPGWF6X,CONTRATADO,GERENTE,1.7381254807114603e-4
161,44,"Salazar, Joel",KDUZ3GTC4,CONTRATADO,VENDEDOR,3.2724183535385616e-4
162,82,"Padilla, Jalene",OX0BMAO08,CONTRATADO,VENDEDOR,4.7154012469757096e-4
163,41,"Galaviz, Karen",0V1TNNBVF,CONTRATADO,VENDEDOR,2.8304799337631715e-5
164,44,"Madaleno, Emily",KRTD0QJFL,CONTRATADO,VENDEDOR,3.980125810782958e-4
165,9,"Arroyo, Pedro",Q13NMQLCX,PESSOA JURIDICA,GERENTE,1.6196044124662878e-4
166,80,"Cruz, Michael",ZFD3VZRYA,CONTRATADO,GERENTE,2.3874698225408793e-4
167,81,"Aguilar, Diana",OXYEP1Q45,CONTRATADO,GERENTE,8.181892663984092e-5
168,65,"Trujillo, Juan",RT5RIIYI5,CONTRATADO,GERENTE,9.699432856830504e-4
169,99,"Tafoya, Cierra",M78BGL3FQ,CONTRATADO,GERENTE,3.869119524787713e-4
170,44,"Mendez, Irvin",WZFTTXW1V,CONTRATADO,VENDEDOR,2.827535860072423e-4
171,79,"Harmon, Kimberly",R7OV5ZLTS,DESLIGADO,GERENTE,5.623756633723424e-6
172,42,"Aguilar, Alejandro",LVXRDVZ78,CONTRATADO,VENDEDOR,4.525466751139213e-4
173,74,"Lontine, Alexandra",164VO0OZO,DESLIGADO,VENDEDOR,1.7390021961182357e-4
174,33,"Valdez, Esperanza Kanan",DJ3D5MFA1,CONTRATADO,VENDEDOR,3.1194073334336284e-5
175,25,"Chavarria, Eduardo",PIOF0DSK8,CONTRATADO,VENDEDOR,2.1535549089312555e-4
176,86,"Gomez, Anthony",MVELLMEZC,CONTRATADO,VENDEDOR,0.001050349097648516
177,90,"Lobato, Anna",JJCBWSQA3,CONTRATADO,VENDEDOR,8.499915692955255e-5
178,83,"Escamilla-Bellmontes, Fernando",8FKTEU21L,DESLIGADO,GERENTE,7.744891583583452e-4
179,51,"Martinez, Adam",CF84WOBRK,CONTRATADO,GERENTE,2.161766827106476e-4
180,39,"Castoreno, Carissa",VMXASAE23,PESSOA JURIDICA,VENDEDOR,6.808965287766553e-4
181,32,"Cuevas-Arvizo, Mauro",R9H0Z0XQP,PESSOA JURIDICA,VENDEDOR,5.884567811749079e-4
182,65,"Alba, Mabel",5IQ2WZR8I,CONTRATADO,VENDEDOR,0.0011549345760865405
183,78,"Felix, Ricardo",W20ERI5IS,CONTRATADO,VENDEDOR,5.988749803414815e-4
184,96,"Munoz, Jenessa",EQWV0766P,DESLIGADO,GERENTE,5.634844481608965e-4
185,29,"Quintana, Kristina",UKGUGS4W0,CONTRATADO,VENDEDOR,3.8680490477192885e-4
186,80,"Palacios, Alonzo",CKJ9AWCC5,CONTRATADO,VENDEDOR,2.82847793756013e-4
187,83,"Flores, Jackelyn",OAPAJ90ZQ,CONTRATADO,VENDEDOR,1.206977404654026e-4
188,9,"Hernandez, Abel",LB8USKEBG,CONTRATADO,VENDEDOR,3.215884063392878e-5
189,22,"Ballensky, Dayna",7Q5YDYESB,PESSOA JURIDICA,VENDEDOR,1.0496126152575017e-4
190,37,"Martinez, Marco",1YIKPO5KX,CONTRATADO,VENDEDOR,2.904401346350793e-4
191,65,"Valdez, Veronica",PG9WYUWEV,CONTRATADO,VENDEDOR,3.0896396486270914e-4
192,67,"Aranda, Mayra",L4EU3MJ65,CONTRATADO,VENDEDOR,6.299229405484297e-4
193,77,"Mora-Rosales, Justin",AOURDXAHM,CONTRATADO,VENDEDOR,1.344993371516466e-4
194,91,"Mondragon, Johnathan",5FB3PG8LS,CONTRATADO,VENDEDOR,1.0724118724465371e-4
195,39,"Rickey, Janeth",RSO9NK38R,PESSOA JURIDICA,VENDEDOR,7.532056830487348e-4
196,55,"Manchego-Rodarte, Carla",8C1RNY5T3,CONTRATADO,VENDEDOR,6.66133941833021e-5
197,50,"Macias, Krystina",0FMV3LM58,DESLIGADO,VENDEDOR,6.87011536371138e-5
198,11,"Arroyo, Adalberto",GSIIRF3OF,CONTRATADO,VENDEDOR,2.7215979117900134e-4
199,61,"Guerra, Jorge",VFVOXM3PF,CONTRATADO,VENDEDOR,1.7013822942972185e-4
200,65,"Seley, Jonathon",7M5L3PCQZ,PESSOA JURIDICA,GERENTE,5.331773616205503e-4
201,3,"Ubanda, Jasmine",C891K095J,CONTRATADO,VENDEDOR,1.3624413497745991e-5
202,29,"Gonzales, Mariah",J0RE02S9G,CONTRATADO,VENDEDOR,9.114847808794947e-4
203,66,"Avila, Colleen",VADR4QKJO,CONTRATADO,VENDEDOR,5.868948623201944e-4
204,48,"Aguirre-Winter, Angela",WFG27FB7A,CONTRATADO,VENDEDOR,9.101063646376133e-5
205,75,"Swabacker, Ivan",YPGN8QPWT,CONTRATADO,VENDEDOR,5.180219955574323e-4
206,72,"Sanchez, Clarissa",NH0AFY5H1,CONTRATADO,GERENTE,5.78901176755535e-4
207,77,"Contreraz, Trevor",IT70G5BHK,CONTRATADO,VENDEDOR,3.620925303380538e-4
208,31,"Trujillo, Jonathon",9WKWUXLG0,CONTRATADO,VENDEDOR,2.3642889112234115e-4
209,39,"Acosta, Aaron",IQ5DJ7U0Z,CONTRATADO,VENDEDOR,4.594831858156497e-4
210,18,"Hernandez, Royce",UPWZA9020,CONTRATADO,VENDEDOR,6.28046007420788e-4
211,17,"Silva, Yadira",4WQIM58O2,DESLIGADO,GERENTE,3.959415762025799e-4
212,90,"Martinez, Kelsie",MVRLUYLHC,CONTRATADO,VENDEDOR,4.676243580709745e-4
213,55,"Cisneros, Kathia",JHDVOCZNA,PESSOA JURIDICA,GERENTE,7.95611975308428e-4
214,56,"Bustamante Trujillo, Mayra",RSNJEEY34,CONTRATADO,VENDEDOR,4.320379700343658e-4
215,92,"Barrera, Mary Jhoanna",VL1Q7PC10,CONTRATADO,VENDEDOR,2.3155680000782014e-4
216,77,"Duran, Emanuel",O6WFNO0WY,CONTRATADO,GERENTE,8.056747853419879e-4
217,40,"Trujillo, Veronica",Q6D2WD0US,CONTRATADO,GERENTE,3.2362421376812945e-4
218,7,"Vigil, Ashley",MV18UZE9D,CONTRATADO,VENDEDOR,4.6786762958574786e-4
219,32,"Espinoza, Toneray",OOWXOKR08,CONTRATADO,GERENTE,3.756155658345271e-4
220,96,"Roybal, Eric",MMPII70VM,CONTRATADO,VENDEDOR,5.288381859492112e-4
221,96,"Williams, Keilah",B6HKRO58P,CONTRATADO,VENDEDOR,2.726768543943763e-4
222,96,"Deherrera, Jonathan",CD1L8NL9W,CONTRATADO,VENDEDOR,5.617408845573664e-5
223,45,"Venegas, Melanie",VGWLTLSZU,CONTRATADO,VENDEDOR,2.3531016632914544e-4
224,81,"Galvez, Lourdes",GR6R6HSLB,CONTRATADO,VENDEDOR,1.5323902051851438e-4
225,14,"Carrasco-Isais, Jose",YHM0BAHHA,CONTRATADO,VENDEDOR,1.5236876532435418e-5
226,25,"Tabares, Edgar",SPXDJAKRT,CONTRATADO,GERENTE,1.3971313089132308e-4
227,8,"Lucero, Dominic",5T0M582RN,PESSOA JURIDICA,VENDEDOR,7.198990478775599e-4
228,2,"Kirscher, Olivia",L40LHKZD2,CONTRATADO,VENDEDOR,4.017530744788512e-5
229,43,"Berumen, Lucero",YSZLJ0VTK,CONTRATADO,VENDEDOR,1.325709180906415e-4
230,75,"Romero, Kaylla",0OTM7YI4X,DESLIGADO,GERENTE,9.771607629954815e-5
231,28,"Diaz-Vidal, Yesenia",BAMO2YLJO,DESLIGADO,VENDEDOR,1.1532928403466941e-4
232,83,"Mendoza, Diana",9JMMSQL7B,CONTRATADO,GERENTE,6.571389874291192e-6
233,58,"Salas-Galindo, Daniela",G744J17TS,CONTRATADO,VENDEDOR,9.426703698429015e-4
234,11,"Sanchez, Gabriel",X4KRVP83O,CONTRATADO,VENDEDOR,2.75350546464324e-4
235,26,"Valdez, Anthony",KMJZT7170,CONTRATADO,VENDEDOR,9.581676877530958e-4
236,8,"Vasquez, Brandon",4XYAZ09RK,CONTRATADO,GERENTE,1.4831374717794857e-4
237,66,"Huerta, Selene",VZC4QXFHZ,CONTRATADO,VENDEDOR,4.0308132915008556e-4
238,71,"Armijo, Zayra",LDJ6HWXC8,CONTRATADO,VENDEDOR,5.439789656381656e-4
239,20,"Rodriguez, Anthony",YVUVIFZWR,CONTRATADO,VENDEDOR,2.3904776964336634e-4
240,17,"Montoya, Isaiah",9WJF82V4M,DESLIGADO,VENDEDOR,6.738630570471287e-5
241,72,"Granados, Joseph",U71T3O5VV,CONTRATADO,GERENTE,2.315232736989856e-4
242,41,"Aguilar, Ana",DPCZAWHPD,CONTRATADO,GERENTE,0.0010370626411827948
243,46,"Martinez, Madison",MXEL2A19E,CONTRATADO,VENDEDOR,8.894931748509407e-5
244,49,"Villegas, Ruby",V3VSSV2S6,CONTRATADO,VENDEDOR,4.2771203105992017e-4
245,8,"Pimentel, Daysi",D51AU3I85,CONTRATADO,VENDEDOR,4.519770588557769e-4
246,58,"Zavala, Briana",9QK2IZ3UU,CONTRATADO,VENDEDOR,1.7246860638260844e-4
247,26,"Osborne, Ebenecer",E5TYFF2JE,CONTRATADO,VENDEDOR,1.2098338030770062e-4
248,4,"Sierra, Jonathan",T54NY99LJ,CONTRATADO,GERENTE,3.314200520347405e-4
249,8,"Arroyo, Samuel",B6Z0JGGB4,CONTRATADO,VENDEDOR,3.531544785778571e-4
250,30,"Solares, Natalie",ZCGSS0ATF,DESLIGADO,VENDEDOR,2.263304404914379e-6
251,1,"Prouty, Mariana",OSY9VBZH2,CONTRATADO,GERENTE,6.644402935764887e-4
252,57,"Carrillo, Carlie",IUSMNHGAQ,CONTRATADO,GERENTE,0.0013341183304114536
253,63,"Gutierrez, Angel",D3AUB9ATS,PESSOA JURIDICA,GERENTE,2.92287996137151e-5
254,7,"Apodaca, Juan",YC1SABFTF,DESLIGADO,VENDEDOR,9.504520558963359e-4
255,66,"Chagolla, Marquis",20AW7F8IS,CONTRATADO,VENDEDOR,8.175168282947638e-4
256,52,"Martinez-Whisler, Esau",XY83L6Z4T,PESSOA JURIDICA,VENDEDOR,1.6304994424888252e-4
257,52,"Lucero, Gerardo",NCHEIF6ZQ,CONTRATADO,GERENTE,2.066667253151536e-4
258,13,"Montano-Soto, Danae",BLC82D88P,CONTRATADO,VENDEDOR,5.667392516004536e-5
259,94,"Manzanares, Andy",UN91W44QN,CONTRATADO,GERENTE,3.05512685328722e-5
260,81,"Mendoza-Lopez, Ashley",PF4SFW0DW,CONTRATADO,VENDEDOR,3.839454832624645e-4
261,44,"Gallegos, Cynthia",XSE1RP156,CONTRATADO,GERENTE,4.2104587447892356e-4
262,81,"Velasquez, Brandon",ZPMMKXV5L,CONTRATADO,VENDEDOR,1.820248831063509e-4
263,91,"Hernandez, Mario",FPYCL5BNI,CONTRATADO,VENDEDOR,1.409182133153081e-4
264,55,"Bueno, Shaylene",EBXIZRBFC,CONTRATADO,VENDEDOR,2.3327589929103852e-4
265,65,"Chacon, Moises",EEEYM83JU,CONTRATADO,VENDEDOR,5.0127035215315896e-5
266,12,"Mendoza, Brandon",8VS4HFLU7,CONTRATADO,VENDEDOR,2.0844672698055777e-4
267,60,"Robles, Riley",CD56Y3ECO,CONTRATADO,VENDEDOR,5.074096951465655e-4
268,10,"Sexton, Keila",2DKEHG8BA,CONTRATADO,GERENTE,3.7822457896351393e-4
269,81,"Aragon, Estephen",28GRPJMVU,CONTRATADO,VENDEDOR,1.3346605487167835e-4
270,95,"Lovato, Jamie",BIM8K2HHY,CONTRATADO,GERENTE,4.982179190795471e-4
271,54,"Reyes, Janelle",MCGX9OMSQ,CONTRATADO,VENDEDOR,2.718225641176105e-4
272,46,"Anchondo, Edgar",UBTA5B2V9,CONTRATADO,VENDEDOR,1.621184328570962e-4
273,15,"Paiz, Javier",95KNIG43F,CONTRATADO,VENDEDOR,3.7001739750921293e-4
274,40,"Magana Celis, Paulina",JDVKZJU04,PESSOA JURIDICA,GERENTE,3.4463874286222944e-4
275,93,"Dorrance, Michaela",03VMEBJQ8,CONTRATADO,GERENTE,4.501773096453e-4
276,38,"Martinez, Patrick",O7R4SP0QE,CONTRATADO,VENDEDOR,2.502211343497038e-4
277,2,"Jurado, Ashley",BOMR4GHHM,CONTRATADO,VENDEDOR,8.717093424496014e-4
278,56,"Lobato, Sandra",TUD1HFPU2,CONTRATADO,VENDEDOR,1.9490229524672033e-5
279,81,"Tovar, Thessa",4N3UB8THN,CONTRATADO,VENDEDOR,9.183920479806807e-4
280,42,"Duran, Perla",WYMUU3ZWP,CONTRATADO,GERENTE,2.0397846922278406e-4
281,5,"Chavarria, Luz",A82CJIQ0W,CONTRATADO,GERENTE,7.599730290136434e-4
282,63,"Carreon-Atencio, Stephanie",XFGO9E3K8,CONTRATADO,VENDEDOR,4.699806984345962e-4
283,74,"Luevanos, Yadira",BMQE50YG4,CONTRATADO,VENDEDOR,8.840419776233579e-4
284,93,"Rodriguez, Michael",1ZPI13DR2,CONTRATADO,GERENTE,6.845404569909402e-4
285,77,"Garcia, Eduardo",RNOTW2ID7,CONTRATADO,GERENTE,0.0016558327636772639
286,60,"Rojas, Raul",6F46OJVDO,CONTRATADO,GERENTE,1.0491426574514123e-4
287,67,"Munoz-Lujan, Jasonrobert",1QQELBD9M,CONTRATADO,GERENTE,6.77550544962287e-5
288,22,"Nayares, Soraya",2HOEUFZ9F,CONTRATADO,GERENTE,4.137590892444898e-4
289,49,"Cruz, Jennifer",EKEBF69OT,CONTRATADO,VENDEDOR,7.061783453653048e-4
290,66,"Madden, Mateo",MOY2G7U7X,CONTRATADO,GERENTE,6.625892353659576e-5
291,86,"Rodriguez, Sylvia",C09MFLWNQ,CONTRATADO,VENDEDOR,3.6134294447225e-4
292,66,"Gutierrez, Nikkolas",8IVO9W2FC,CONTRATADO,VENDEDOR,9.027003570343464e-4
293,59,"Rosales Jr, Marissa",2ZNCTZ7ZH,CONTRATADO,VENDEDOR,4.4063760673809544e-4
294,45,"Ruiz, Angel",DTKBIG5JZ,CONTRATADO,VENDEDOR,6.202389616519213e-5
295,4,"Medina, Brittany",977SJP3DR,CONTRATADO,VENDEDOR,5.417909510265638e-4
296,50,"Lue, Jose",IJMQFT0D9,CONTRATADO,VENDEDOR,6.491322151980498e-4
297,43,"Delgado, Aldo",WC5QOMZBB,CONTRATADO,VENDEDOR,4.233958832919598e-5
298,56,"Burciaga-Munoz, Alicksander",F7SA00REB,CONTRATADO,VENDEDOR,2.0608167052200242e-4
299,4,"Reza Vega, Elvira",791L76HYX,CONTRATADO,GERENTE,3.3721014408656246e-4
300,96,"Lobato, Leticia",NXD94PEPG,CONTRATADO,VENDEDOR,4.508193572000862e-4
301,32,"Quintana, Kristina",49XSCKDWE,CONTRATADO,GERENTE,2.740380736067891e-4
302,17,"Madera, Isaac",4AHW53PLS,PESSOA JURIDICA,VENDEDOR,1.2746296525001526e-4
303,34,"Espino, Jazmin",G0YGTMOP9,CONTRATADO,VENDEDOR,1.2275446001440288e-4
304,47,"Sanchez-Holman, Rebecca",0Y10ILEYC,CONTRATADO,GERENTE,2.234352931380272e-4
305,80,"Chavez, Chamarice",H6ZRD80Y2,CONTRATADO,VENDEDOR,2.0387532003223897e-5
306,67,"Nava, Vanessa",0I4VNP4AB,CONTRATADO,VENDEDOR,2.975921428351162e-4
307,20,"Espinosa, Ashley",2UBXDWOZH,CONTRATADO,VENDEDOR,0.0014291777334267143
308,51,"Velasco Bonilla, Robert",FNFKSWXWM,CONTRATADO,GERENTE,0.002040098971755896
309,57,"Alonso Guedea, Elijah",YBS25S9T9,CONTRATADO,VENDEDOR,5.205222371797611e-4
310,79,"Avitia, George",QWERC5HZ0,CONTRATADO,VENDEDOR,3.427293328539556e-4
311,97,"Ramos, Donovan",IY4G2QD00,CONTRATADO,VENDEDOR,8.161550119183162e-4
312,84,"Portillo, Lubia",50JFO9X6J,CONTRATADO,VENDEDOR,7.835432983598807e-4
313,23,"Gonzales, Estefania",JEVGE7YM5,CONTRATADO,VENDEDOR,1.550882410258055e-4
314,60,"Morphet, Jodie",0NZRQ9C9I,CONTRATADO,VENDEDOR,5.492677818815757e-4
315,27,"Arellano, Alison",KDXUSGT4G,CONTRATADO,VENDEDOR,5.354982763528824e-5
316,2,"Raigoza, Ashley",H2B8DH3V2,CONTRATADO,VENDEDOR,2.4076663423329593e-4
317,29,"Quintana, Leslie",GFNG3DTA3,CONTRATADO,VENDEDOR,1.1523880623281002e-5
318,75,"Gonzalez, Alejandra",68SSZ6GXD,CONTRATADO,VENDEDOR,9.224932256541948e-4
319,9,"Hernandez-Padilla, Stephanie",QICOARD67,CONTRATADO,VENDEDOR,8.441733494400979e-5
320,100,"Ledezma, Jonathan",OPFTSRJFZ,DESLIGADO,GERENTE,3.4590540265846736e-4
321,16,"Evangelista-Pasillas, Nataly",FH836J75W,DESLIGADO,GERENTE,2.506637286394835e-4
322,52,"Madril, Robert",JZFZXVKNZ,CONTRATADO,GERENTE,5.9391181357204917e-005
323,30,"Lechuga, Maria",SN6QA9F5R,CONTRATADO,VENDEDOR,4.7404176104399006e-4
324,91,"Sanchez-Rodriguez, Raymone",5IO6856W5,CONTRATADO,VENDEDOR,2.640292001888156e-4
325,27,"Roque Torres, Marcus",HQ2LLMDQ6,CONTRATADO,VENDEDOR,3.2202933801520354e-4
326,61,"Sandoval, Brianna",JBQIA3XA8,CONTRATADO,VENDEDOR,8.091977834701538e-5
327,97,"Rojo, Karla",U9RMA9YEM,CONTRATADO,VENDEDOR,6.76492827193203e-4
328,48,"Hernandez, Margarita",93F3ALXR5,CONTRATADO,VENDEDOR,6.916227422318555e-4
329,20,"Esparza, Roberto",JUH40UJGL,CONTRATADO,VENDEDOR,4.5354501491594806e-4
330,57,"Morales-Rocha, Ashley",NFGKF8TT3,CONTRATADO,VENDEDOR,5.023533555028408e-5
331,11,"Millan, Aaron",Y26WTM4SN,CONTRATADO,VENDEDOR,3.711620690596171e-5
332,31,"Archuleta, Noah",W1CPJ8CJ0,CONTRATADO,VENDEDOR,3.1841305976915846e-4
333,30,"Prado Montoya, Ivonne",CZ5JQ6WS5,CONTRATADO,GERENTE,5.364310547541429e-4
334,72,"Venta-Yepes, Sandy",N21HXHWTZ,CONTRATADO,VENDEDOR,9.618760216981173e-5
335,64,"De Los Santos Garcia, Beatriz",B2LEZW8ZA,CONTRATADO,VENDEDOR,4.2620473222554855e-4
336,92,"Zepeda-Ramos, Cameron",ICFETR4NE,CONTRATADO,VENDEDOR,9.972529287235832e-5
337,83,"Sifuentes, Kiara",A16PN3UGW,CONTRATADO,GERENTE,9.815419621261503e-4
338,20,"Aguilar, Santos",I2QNATCAZ,PESSOA JURIDICA,VENDEDOR,7.303544227033854e-5
339,47,"Espinoza, Thomas",UL5SL59JW,CONTRATADO,GERENTE,8.108588628134826e-4
340,75,"Beltran, Gabriel",L9KHPZPU9,CONTRATADO,VENDEDOR,5.772483855149843e-4
341,48,"Bosquez, Mayra",K57IRV0IP,CONTRATADO,VENDEDOR,6.855629898271658e-4
342,48,"Castillo-Mosqueda, Nancy",V9N7XSKPM,CONTRATADO,VENDEDOR,2.4643369372934107e-4
343,33,"Deluna, Luke",3OAWM691W,DESLIGADO,GERENTE,1.138535637408495e-4
344,79,"Garcia, Darrio",RMVEDPJ7M,CONTRATADO,VENDEDOR,2.6795138102024796e-4
345,51,"Cooley, Javier",KEFFEANSV,DESLIGADO,GERENTE,9.676904163750555e-4
346,59,"Garcia, Stephanie",UYA1Y281C,DESLIGADO,GERENTE,4.1176917365003124e-4
347,53,"Stacy, Karen",7IFJ07NEF,DESLIGADO,VENDEDOR,0.0019086704208438688
348,14,"Ornelas, Wesley",K7ZFBO7RJ,DESLIGADO,GERENTE,8.108641497454742e-4
349,21,"Padilla, Mary",NPWIY4ELO,CONTRATADO,VENDEDOR,0.0017353860907160616
350,82,"Cabral, Suheidy",LEUGBR5GN,CONTRATADO,VENDEDOR,3.760179850648866e-4
351,72,"Balderrama, Barbara",A0LQ47C0I,CONTRATADO,VENDEDOR,2.2409287355840208e-4
352,36,"Leija, Marisol",UTGB7QDR3,CONTRATADO,GERENTE,3.5905242152512075e-5
353,37,"Cardenas-Moreno, Juan",5QNO632Q8,CONTRATADO,VENDEDOR,2.1742873545736076e-4
354,45,"Luna, Raymond",PA02IB95U,CONTRATADO,VENDEDOR,9.901140443980694e-5
355,19,"Mendoza, Viviana",YZBMAKIGS,CONTRATADO,VENDEDOR,2.0189616177231074e-4
356,94,"Minjares-Leon, Gilbert",PDMOGQIBP,DESLIGADO,VENDEDOR,2.545205755159259e-4
357,20,"Rodriguez, Lorenzo De Jesus",9OHF86JIU,CONTRATADO,GERENTE,1.2948162574321032e-4
358,87,"Olson, Katie",8BGV26P4O,CONTRATADO,VENDEDOR,4.2382213620651256e-4
359,20,"Bonilla, Fabyan",I2HHFFA6R,CONTRATADO,VENDEDOR,3.71644122509246e-4
360,45,"Pacheco, Octavio",7VY8OY8G3,CONTRATADO,VENDEDOR,5.998940709352853e-6
361,55,"Gomez Martinez, Jaron",8RBWRSA8M,CONTRATADO,VENDEDOR,1.0752889513969421e-5
362,97,"Tellez, Rosendo",O46T9E2T7,CONTRATADO,VENDEDOR,0.001189065438441773
363,15,"Pollock, Alexis",B0DQFUBAW,CONTRATADO,VENDEDOR,8.100673587382656e-5
364,36,"Ramirez, Dominique",2QJUHHGAU,CONTRATADO,VENDEDOR,1.3588403929816521e-6
365,53,"Marquez-Avitia, Denna",YNFOTWF1V,PESSOA JURIDICA,VENDEDOR,1.7939636521041395e-4
366,34,"Martinez, Vanessa",YHUHIC2VK,DESLIGADO,VENDEDOR,0.0010093540481718923
367,27,"Duran, Jacob",TKG6CKQ3M,DESLIGADO,VENDEDOR,5.661315917108182e-5
368,39,"Guerrero, Max",ZWR9R2FNU,CONTRATADO,VENDEDOR,4.5086886396813883e-4
369,100,"Sena, Pedro",DR5VZJ0SS,DESLIGADO,GERENTE,7.293630018494226e-4
370,71,"Coronado, Timothy",N96VSODPS,CONTRATADO,VENDEDOR,9.600434682759192e-4
371,81,"Lopez, Keren",0RHLKAGBN,CONTRATADO,VENDEDOR,1.2705606557428836e-4
372,53,"Chavez, Jessica",57OWUX4N0,CONTRATADO,VENDEDOR,1.3920833133161068e-4
373,4,"Lerma, Rafael",YLW4KAZAX,CONTRATADO,GERENTE,1.4012110847979784e-4
374,39,"Vassilaros, Ana",2X15AN1Y2,CONTRATADO,VENDEDOR,5.476428586989641e-5
375,96,"Arndt, Jasmine",MRF8WYFOY,PESSOA JURIDICA,VENDEDOR,2.1054518129676582e-4
376,82,"Rojas, Carla",VT4NVLO8H,CONTRATADO,VENDEDOR,0.0010475212282928374
377,95,"Martinez, Neyesa",WK1WFE9JW,CONTRATADO,VENDEDOR,4.1197972109723583e-4
378,28,"Fernandez Hernandez, Stephanie",YZXG8JGNE,CONTRATADO,VENDEDOR,2.472255691885948e-4
379,84,"Valencia Nicolas, Daniel",HXB59GIGX,DESLIGADO,VENDEDOR,8.983906172215939e-6
380,55,"Luna, Raul",1EJ798A4J,CONTRATADO,GERENTE,6.314728725701571e-5
381,3,"Orozco, Benjamin",9038C5KFK,CONTRATADO,VENDEDOR,1.34949005022645e-4
382,69,"Gamez, Adrianna",S6UBUH752,CONTRATADO,GERENTE,9.764989279210568e-5
383,39,"Huerta, Alondra",4UGL1Z62G,PESSOA JURIDICA,VENDEDOR,1.354380065575242e-4
384,13,"Torres, Lindsey",NHIPZGKAI,PESSOA JURIDICA,GERENTE,2.4908124916255475e-4
385,27,"Macias, Jacquelyn",WG6Y4HKFX,CONTRATADO,VENDEDOR,9.929718188941479e-5
386,6,"Garcia, Juan",JOTYS9K4M,CONTRATADO,VENDEDOR,2.280310096219182e-4
387,35,"Valdez, Alissa",2HCLSYMP4,CONTRATADO,VENDEDOR,0.0010523130915554907
388,60,"Villar, Kyle",DC8AFPK8E,CONTRATADO,VENDEDOR,9.669079632162767e-5
389,2,"Guzman, Emilio",8KFL71CPO,CONTRATADO,GERENTE,4.182091928270003e-4
390,25,"Juarez, Nicholas",NTK4NUQJU,CONTRATADO,GERENTE,1.365055499598384e-4
391,14,"Rosales Velasco, Armando",NU3EEMG4Q,PESSOA JURIDICA,VENDEDOR,1.760500210938535e-4
392,44,"Espinosa, Estefany",SY6SW6K0T,PESSOA JURIDICA,VENDEDOR,3.742023223101048e-4
393,58,"Mares Solano, Angelica",MRYX1CK12,CONTRATADO,VENDEDOR,8.118073381147482e-4
394,40,"Martinez, Christopher",EQUS3ILGX,PESSOA JURIDICA,VENDEDOR,3.985345490108777e-4
395,72,"Miranda, Alfredo",5ZW0XCO4M,CONTRATADO,GERENTE,1.8609786685556176e-4
396,4,"Echeverria, Joshua",I583HYBRH,CONTRATADO,GERENTE,7.612563945016958e-4
397,68,"Arellanes, Kayla",LHP4ATMFP,CONTRATADO,VENDEDOR,7.422723788768053e-5
398,20,"Pineda, Jonathan",7FX85I296,PESSOA JURIDICA,VENDEDOR,5.967378794714187e-4
399,96,"Villagomez, David",K34S12CJ7,CONTRATADO,VENDEDOR,1.8116994462019972e-5
400,10,"Delgado, Victor",T89JCLCC7,CONTRATADO,GERENTE,3.5173777973461636e-4
401,85,"Morales, Maria",5GFKJ32E1,CONTRATADO,GERENTE,1.3022709246724844e-4
402,27,"Martinez, Edgar",4UXXNNRWG,CONTRATADO,VENDEDOR,1.9425239339470864e-4
403,52,"Sullivan, Sydney",ULWVRW959,CONTRATADO,GERENTE,1.4907624498009683e-4
404,53,"Valdez, Diana",4WWGMJB4E,CONTRATADO,VENDEDOR,0.002706776039896174
405,70,"Rivera, Alexis",W3KCO2MGG,DESLIGADO,VENDEDOR,0.0011893844782633976
406,46,"Elliott, Jonathan",Z45FYXHPA,CONTRATADO,VENDEDOR,2.069582609459758e-4
407,99,"Scoggins, Karla",224EEO418,CONTRATADO,GERENTE,8.179532364010811e-6
408,34,"Castro, Norma",F85JD4JHW,CONTRATADO,GERENTE,1.4126097895205021e-4
409,5,"Martinez, Megan",DHS9XM94M,CONTRATADO,VENDEDOR,1.6579714070920126e-4
410,50,"Torrez, Lesly",T8RPFO2T6,CONTRATADO,VENDEDOR,4.0224458536315455e-4
411,30,"Apodaca, Nicolas",OBEZEB21K,DESLIGADO,GERENTE,0.0015615354499870782
412,62,"Rodriguez Estrada, Juan",R17U5A7JT,CONTRATADO,VENDEDOR,9.292557109147311e-5
413,47,"Saucedo, Valerie",HKG5A5H0Z,CONTRATADO,VENDEDOR,2.2297741062939167e-4
414,55,"Valencia, Jesus",M41N3HY16,CONTRATADO,VENDEDOR,2.600198406726122e-4
415,51,"Sosa, Eloy",25TJJ1EZI,CONTRATADO,VENDEDOR,1.6574576925486328e-4
416,40,"Arellanes, Luis",P3A5LUZKG,DESLIGADO,GERENTE,2.0143999084830285e-4
417,50,"Martinez Trujillo, Alexandria",I4XX8GO73,DESLIGADO,VENDEDOR,0.0011901918589396672
418,72,"Ramirez, Amanda",SYK9X2IA9,CONTRATADO,VENDEDOR,7.760009113699198e-5
419,10,"Delgado, Yashira",JHU5LVW3U,CONTRATADO,VENDEDOR,5.576598018071749e-4
420,32,"Hernandez, Marissa",MZRRTW4UF,CONTRATADO,GERENTE,6.25194100663066e-5
421,17,"Flores Ulloa, Arica",26XPPZAR4,CONTRATADO,GERENTE,9.192766133089822e-5
422,55,"Gutierrez, Lianne",0SEC2HW8Y,PESSOA JURIDICA,GERENTE,1.0811304431408644e-4
423,31,"Pridgen, Leydy",2AED472PQ,CONTRATADO,VENDEDOR,4.695099588315536e-4
424,3,"San Miguel, Thelma",GQO4NY8W6,CONTRATADO,GERENTE,0.001048240876892462
425,39,"Vigil, Solomon",HHDZH5PC6,CONTRATADO,VENDEDOR,3.901062458753586e-5
426,2,"Rodriguez, Lexus",D9TQ709FJ,CONTRATADO,GERENTE,0.0011908735916671075
427,77,"Leckenby, Alisha",NOZO1MAU9,CONTRATADO,VENDEDOR,1.9051273949444294e-4
428,34,"Mondragon, Domonique",VFEOW2PPO,CONTRATADO,GERENTE,2.4134794995188715e-5
429,69,"Hernandez, Michael",TMEAOEE1Y,CONTRATADO,GERENTE,5.216662701051284e-4
430,15,"Fontes, Cristal",G0CQ3XSUD,CONTRATADO,VENDEDOR,5.289065033029366e-4
431,31,"Alba, Denise",4FRCAA0ZW,CONTRATADO,VENDEDOR,6.239041775128938e-4
432,92,"Maes, Alec",K3DU36JFZ,CONTRATADO,VENDEDOR,9.680835268887427e-4
433,75,"Valladares-Ballardo, Kendall",GWW9PLMVO,CONTRATADO,VENDEDOR,5.953633181414701e-4
434,34,"Gonzalez, Juana",6JFE2TBL0,CONTRATADO,VENDEDOR,1.7155720870941878e-4
435,17,"Vigil-Martinez, Elizabeth",8953DC7D7,CONTRATADO,VENDEDOR,5.130663715134908e-4
436,4,"Lopez, Joel",OYPG4FDQI,CONTRATADO,GERENTE,3.4728696148734675e-4
437,92,"Barrientos Delval, Gladis",TXLMQLN7S,PESSOA JURIDICA,VENDEDOR,2.0426467061042786e-5
438,37,"Castorena, Nichelle",0YKU9QXGE,CONTRATADO,VENDEDOR,7.967751976102592e-5
439,96,"Limmer, Nancy",6S1GXZLP1,CONTRATADO,VENDEDOR,9.051061339172271e-4
440,25,"Tierrablanca, Yesica",G33WOAVP0,CONTRATADO,GERENTE,4.293875165359369e-4
441,32,"Herrera, Richard",2JWJDBZIE,CONTRATADO,VENDEDOR,1.5294427982782104e-4
442,43,"Abrego Escobar, Selena",USZ2UGZ1T,CONTRATADO,VENDEDOR,2.752064211294055e-4
443,13,"Archuleta, Keith",LTMZ075CC,CONTRATADO,GERENTE,1.5068575628101826e-4
444,25,"Flores, Melani",TSO2430RF,PESSOA JURIDICA,VENDEDOR,2.440834240987897e-4
445,9,"Camarena-Cruz, Carlota",D76CO781O,CONTRATADO,GERENTE,3.51277190802579e-4
446,13,"Gutierrez, Aliyah",ZV4CL67M4,CONTRATADO,VENDEDOR,3.3074172808039676e-4
447,10,"Eurioste, Brooke",NROEI67T2,CONTRATADO,GERENTE,6.882409535964666e-4
448,18,"Fausto Maldonado, Zachary",WBNZBO9F0,CONTRATADO,VENDEDOR,1.268097199499607e-4
449,60,"Rojo, Tristan",BNKKV1XRY,CONTRATADO,VENDEDOR,9.695620047631925e-5
450,8,"Enriquez, Jose",UHHUTAK7E,CONTRATADO,VENDEDOR,1.0191432777792216e-4
451,29,"Arteaga, Alondra",W4B4M0VAS,CONTRATADO,VENDEDOR,3.211718058804877e-4
452,27,"Tanguma, Matthew",G5V9G0P4V,DESLIGADO,GERENTE,4.718384925108005e-4
453,70,"Salcedo, Yadira",UR6TVVEZ2,PESSOA JURIDICA,GERENTE,1.5534036047756673e-4
454,15,"Mendez, Raul",B0GDIRTDV,PESSOA JURIDICA,VENDEDOR,1.8493045531213284e-4
455,31,"Santistevan, Sergio",OI3BY68AT,CONTRATADO,VENDEDOR,4.2725884169340135e-5
456,58,"Miramontes, Francisco",YWXCSJ9IW,CONTRATADO,VENDEDOR,2.6011596596093107e-5
457,24,"Garcia-Ortega, Paige",HSDKUBXB0,CONTRATADO,GERENTE,2.2196920569986106e-4
458,50,"Rodarte, Zachary",TCPG822LI,CONTRATADO,GERENTE,2.491592600941658e-4
459,15,"Hosey, Samarah",FZ51B4Q5G,CONTRATADO,GERENTE,7.979009681643238e-4
460,13,"Winkler, Mariah",368XLVCGG,DESLIGADO,VENDEDOR,1.697797253727913e-4
461,46,"Galvan De Horta, Ana",NDAJOC0MW,CONTRATADO,VENDEDOR,7.634669698438741e-4
462,47,"Miera, Alejandro",OV0UNBOM0,PESSOA JURIDICA,GERENTE,5.449168006921907e-6
463,75,"Gaytan, Brendan",7GF41B1T5,CONTRATADO,GERENTE,1.2199165391444411e-4
464,1,"Soto, Gabriela",3YU9QNR26,CONTRATADO,GERENTE,5.533333714883376e-4
465,35,"Cardoso, Dylan",UV4SFR1M4,DESLIGADO,VENDEDOR,3.545182421635438e-4
466,12,"Montes Gonzalez, Jesus",FT8QSR6OA,CONTRATADO,GERENTE,8.159318878910639e-4
467,55,"Martinez, Abigail",8HRAEUTJ7,CONTRATADO,VENDEDOR,3.960087932478238e-4
468,47,"Velasquez, Christopher",R9BO26NL2,CONTRATADO,GERENTE,4.2285364380288616e-4
469,85,"Diamond, Danika",FPV01LZQ3,CONTRATADO,GERENTE,0.0010575580439957525
470,32,"Macias Guerra, Derek",WJ4Y4YF1B,CONTRATADO,VENDEDOR,1.2341329958289861e-4
471,61,"Cabanillas, Denise",XN272OLH0,CONTRATADO,VENDEDOR,7.784741490743257e-4
472,74,"Garcia-Vasquez, Luis",NHPXLMQSB,CONTRATADO,GERENTE,8.120517094638653e-5
473,19,"Correa, Alonzo",SPNYZT6JX,CONTRATADO,VENDEDOR,0.0010942173696550277
474,98,"Holguin, Yanni",9X9DCDTRA,DESLIGADO,VENDEDOR,8.688416033983232e-5
475,97,"Diaz, Rachel",TIFP3CTUT,CONTRATADO,VENDEDOR,4.6758293093055924e-5
476,59,"Loera-Zamarripa, Orlando",KL1ZUP2YE,PESSOA JURIDICA,VENDEDOR,3.161723036319018e-5
477,85,"Urdiales, Kareli",KPIW1GV31,CONTRATADO,VENDEDOR,2.595106871798635e-4
478,46,"Martinez, Michelle",Q1NIB5YCA,DESLIGADO,VENDEDOR,4.3923590963888657e-4
479,73,"Derrera, Alexandra",9RTUY8RHQ,DESLIGADO,VENDEDOR,7.980508200488188e-4
480,21,"Escarcega, Paulina",T4E8YXCSR,CONTRATADO,VENDEDOR,4.75909019244795e-4
481,5,"Martinez, Melissa",PYQZSDH55,CONTRATADO,VENDEDOR,3.159915003345212e-4
482,96,"Ortiz, Issac",4YUO4D46K,CONTRATADO,VENDEDOR,7.81958884712229e-4
483,41,"Gonzales, Edgar",OU3HYSARS,CONTRATADO,VENDEDOR,6.175447762674736e-5
484,25,"Perea, Aime",2QOZTDIW5,CONTRATADO,VENDEDOR,1.4532983954995872e-4
485,40,"Avitia, Monick",NRRHUTLTP,CONTRATADO,VENDEDOR,9.542886633425952e-5
486,49,"Armijo, Dejesus",8YYZTDBDL,CONTRATADO,VENDEDOR,0.0010804408721121696
487,27,"Bencomo, Abigail",O49SAG1LZ,CONTRATADO,VENDEDOR,1.519024169072509e-4
488,42,"Klemm, Jessica",1AHLDD3QB,CONTRATADO,GERENTE,4.576802719216396e-4
489,13,"Andrade, Briana",JXBWMZGYJ,DESLIGADO,VENDEDOR,5.711246405466017e-4
490,72,"Saenz, Isidra",ZOE89RM7X,CONTRATADO,VENDEDOR,9.689281515273001e-4
491,31,"Martinez, Lesley",D833X8P1F,CONTRATADO,VENDEDOR,3.25698467327242e-4
492,75,"Trujillo, Vanessa",VXJ8I5K5U,CONTRATADO,VENDEDOR,2.536355920135975e-4
493,11,"Fuentes-Reyes, Manuel",TH3PBXQAG,CONTRATADO,VENDEDOR,4.4571575889081934e-4
494,15,"Gonzales, Alan",N11QGDZ51,CONTRATADO,VENDEDOR,1.6371600721031427e-4
495,87,"Alcala, Alexander",Z8XUQR1UW,CONTRATADO,VENDEDOR,4.925594450744929e-4
496,69,"Garcia, Mellaconey",OLY5SI5BK,CONTRATADO,VENDEDOR,5.196122732013464e-5
497,43,"Gonzalez, Christopher",OJVORO0D0,CONTRATADO,GERENTE,5.875270161777735e-5
498,86,"Terrazas-Hernandez, Ramon",E6PP7WA63,CONTRATADO,GERENTE,4.928584210574627e-6
499,72,"Balderston, Claudia",657BEYH69,DESLIGADO,VENDEDOR,5.5061120912432675e-5
500,82,"Sanchez, Leopoldo",6N9XXARGV,CONTRATADO,VENDEDOR,7.627667970619299e-4
501,27,"Aguilar-Noriega, Vanessa",HRGT5YXHP,CONTRATADO,GERENTE,2.477100644260645e-4
502,24,"Ramirez Valdez, Paula",2SOUZR8J3,PESSOA JURIDICA,VENDEDOR,5.268073975871851e-4
503,72,"Solis, Stephanie",1CI2V2PGM,PESSOA JURIDICA,VENDEDOR,1.7457147501409055e-4
504,82,"Sanchez, Maria",2QOJH0LDQ,CONTRATADO,GERENTE,5.937230042777159e-4
505,85,"Coronado, Cherie",RSZ4QQDKT,CONTRATADO,VENDEDOR,3.7345482409000397e-5
506,48,"Gutierrez Varela, Francisco",VY1OP1DKX,CONTRATADO,GERENTE,3.496802393347025e-5
507,3,"Duran, Diana",HEOR13DBB,CONTRATADO,VENDEDOR,1.3383353296667338e-4
508,8,"Barajas, Tania",3Q7WRGO2Y,CONTRATADO,VENDEDOR,1.9121399931609632e-4
509,50,"Hernandez, Vincent",MMA5BVL30,CONTRATADO,VENDEDOR,4.751243980476692e-5
510,72,"Morales, Mauricio",H95G3NQ2D,CONTRATADO,VENDEDOR,4.730887371878673e-4
511,20,"Medina-Iniguez, Karina",QPE6NMTLP,CONTRATADO,GERENTE,9.642762250694182e-4
512,78,"Reyes, Ashley",2UDU1OZD4,CONTRATADO,VENDEDOR,2.753209713846445e-5
513,21,"Suarez, Ana",A1F6QMIAO,CONTRATADO,VENDEDOR,7.293534099719622e-4
514,73,"Santiago, Vanessa",2HBCINNHM,CONTRATADO,VENDEDOR,3.827603835444499e-4
515,13,"Wooten, Andy",ZMKC700Z7,DESLIGADO,VENDEDOR,8.420859289948158e-5
516,72,"Juneau, Berenitze",SJPBG606M,PESSOA JURIDICA,VENDEDOR,0.0013960723421627527
517,27,"Jimenez, Lynsz",IAOAREZEQ,CONTRATADO,VENDEDOR,2.449890296906233e-4
518,68,"Ponce, Rachel",01XRF4OQ3,CONTRATADO,VENDEDOR,1.9076204672455787e-5
519,7,"Calderon, Michelle",VL50W3H0X,CONTRATADO,GERENTE,3.5595789661813267e-4
520,10,"Brown, David",KYUH7BPR3,CONTRATADO,VENDEDOR,7.41679048165679e-5
521,13,"Porras, Magdalena",H40SUX1W8,CONTRATADO,VENDEDOR,1.3293964006006717e-4
522,81,"Ramirez, Felisha",HPS1ZF75F,PESSOA JURIDICA,VENDEDOR,1.0991893501157052e-4
523,73,"Paramo, Antonio",EP70DQKSM,CONTRATADO,GERENTE,3.1492041237652307e-5
524,45,"Mateos-Gonzalez, Nathaniel",KM736UWCJ,CONTRATADO,VENDEDOR,5.844237175727126e-5
525,50,"Tedesco, Jesse",ANAZ5GWED,DESLIGADO,VENDEDOR,3.871628269385148e-4
526,68,"Torres-Desantiago, Cleveland",7FDX2KY1E,CONTRATADO,VENDEDOR,4.917799436689173e-5
527,74,"Gonzalez, Devonnae",85TBLY69S,CONTRATADO,VENDEDOR,5.951103009283543e-6
528,7,"Acosta, Steven",DRQ8N8MSB,DESLIGADO,VENDEDOR,4.315391752700855e-4
529,22,"Jaramillo, Carlos",1VK15ULIP,PESSOA JURIDICA,VENDEDOR,4.941468752752592e-4
530,77,"Jaramillo, Ariel",T1II5AWD7,CONTRATADO,VENDEDOR,0.0014314487251165567
531,17,"Ulibarri, Jade",67TX75TEV,CONTRATADO,VENDEDOR,7.752804218058104e-5
532,93,"Mendez, Cameron",5Y7QNHYC2,CONTRATADO,VENDEDOR,1.4992185812443494e-4
533,84,"Segarra, Monique",WKAQO9DDY,CONTRATADO,GERENTE,3.75587805343752e-4
534,46,"Guzman, Brendan",8WQXTS1H7,CONTRATADO,GERENTE,3.654202870856572e-4
535,37,"Alva, Jarred",057MKMVJ2,CONTRATADO,GERENTE,8.823885522278692e-4
536,73,"Carra, Kayla",ZM2G4A23S,CONTRATADO,VENDEDOR,9.5378827303648e-6
537,68,"Contreras-Torres, Juan",K7UWVAQQX,CONTRATADO,VENDEDOR,1.017802532762289e-4
538,18,"Anderson, Adrian",KU2B3OADU,CONTRATADO,VENDEDOR,9.26749324003115e-4
539,71,"Hernandez, Miguel",TTNBZ2788,DESLIGADO,VENDEDOR,2.5504950005561115e-4
540,14,"Garcia Lopez, Geneva",RR0UW5JG2,CONTRATADO,VENDEDOR,9.353704154491425e-5
541,50,"Azpeitia, Daniel",ABIJQ5WB5,CONTRATADO,VENDEDOR,7.625280551276304e-4
542,98,"Gutierrez-Garcia, Andy",68B67XBAH,CONTRATADO,VENDEDOR,6.840261388570071e-5
543,92,"Ibarra-Andrade, Crystal",ORQKO86BW,CONTRATADO,VENDEDOR,5.111019328068544e-4
544,47,"Dominguez Varela, Stephanie",2WROZKUPR,CONTRATADO,GERENTE,3.1008735299110414e-6
545,98,"Delgado, Irving",SQDGWAARN,CONTRATADO,VENDEDOR,1.768382301554084e-4
546,64,"Holder, Victoria",HEO89REWX,CONTRATADO,GERENTE,1.1152046804371796e-4
547,41,"Ortega, Diego",BZBLLJX2S,CONTRATADO,VENDEDOR,2.588467784225941e-4
548,99,"Pacheco, Sabrina",THDA35UEC,CONTRATADO,VENDEDOR,4.350699446927358e-4
549,84,"Cervantes, Jasmine",OQQR2SUJQ,CONTRATADO,VENDEDOR,1.7109819035977125e-4
550,55,"Jimenez Aguilar, Heidy",DHFJO710T,CONTRATADO,VENDEDOR,2.581015020608902e-4
551,40,"Ochoa, Jacob",1U7JG2IEW,CONTRATADO,VENDEDOR,8.274463936686516e-7
552,47,"Martinez-Perez, Antonio",FDYEOT154,CONTRATADO,VENDEDOR,2.88715962517702e-4
553,51,"Rivera, Kristian",3EH4ITR7R,DESLIGADO,VENDEDOR,3.4931990577090273e-4
554,44,"Garcia Estrada, Angel",73I4L9HW0,CONTRATADO,GERENTE,2.088177028864581e-4
555,95,"Gomez, John",1HVPMCHSI,DESLIGADO,VENDEDOR,4.264274231921483e-4
556,50,"Morales, Cristhian",9NUE2YT19,CONTRATADO,GERENTE,3.310765083711196e-4
557,52,"Martinez, Brandylee",NQKDE5SUO,CONTRATADO,GERENTE,1.0742774643003941e-4
558,100,"Gutierrez, Jayson",DJQHOBMR5,PESSOA JURIDICA,VENDEDOR,5.7609603926539423e-5
559,34,"Olmedo, Gladis",QGDQ8WYJI,CONTRATADO,VENDEDOR,7.608990836888552e-5
560,94,"Olivo, Atlanta",DUPP8YUE7,DESLIGADO,GERENTE,4.226526672067976e-5
561,81,"Cordero, Marco",9EX0AYAI8,PESSOA JURIDICA,GERENTE,1.1441094981709917e-4
562,10,"Ramirez, Iliana",H77X2B81G,CONTRATADO,VENDEDOR,4.915040678930004e-4
563,56,"Lucero, Perla",T7NTXNVZK,CONTRATADO,VENDEDOR,3.8800881889026475e-4
564,34,"Valdez, Kristina",FV1LCM26U,CONTRATADO,GERENTE,1.8548904650104728e-5
565,29,"Ramirez, Isaac",JJ0RLN0ZD,CONTRATADO,VENDEDOR,4.227780627632711e-5
566,78,"Mcclelland, Angel",UT209Y0JX,DESLIGADO,GERENTE,2.0279867202043533e-5
567,13,"Pena, Derek",T8FR2TZEP,CONTRATADO,VENDEDOR,1.5597667191177608e-4
568,57,"Esparza-Escobar, Ezequiel",SIVKW6PWH,CONTRATADO,VENDEDOR,2.5517906434834004e-4
569,87,"Villezca, Brandi",TJS9MC9RN,CONTRATADO,GERENTE,4.3407130918092306e-4
570,34,"Segura, Anthony",K626HORPD,PESSOA JURIDICA,VENDEDOR,6.046461373231508e-4
571,17,"Salomon, Yamile",KO5HK960M,PESSOA JURIDICA,GERENTE,9.763890709728004e-5
572,62,"Munoz Leyva, Samuel",ILDCRR13H,CONTRATADO,VENDEDOR,4.4350088201463224e-5
573,74,"Candela, David",7G22FWB1N,CONTRATADO,VENDEDOR,5.624938569626905e-4
574,82,"Baca, Jazmin",TU1TIB11A,CONTRATADO,VENDEDOR,1.1959637755800177e-4
575,15,"Ponce, Sandra",HWBCBXZHE,CONTRATADO,VENDEDOR,5.538017097692538e-4
576,83,"Esquivel, Javier",ACJ8GW868,CONTRATADO,VENDEDOR,1.0927269794046879e-5
577,83,"Marquez, Annalisa",A0ERWDGLQ,CONTRATADO,GERENTE,7.985773701220751e-5
578,89,"Padilla, Thomas",2EBMRDWTX,CONTRATADO,VENDEDOR,4.156173140317717e-5
579,72,"Ramos Ponciano, Jose",HSDAQ4XXV,CONTRATADO,VENDEDOR,4.045458000975921e-5
580,80,"Perez Onate, Samantha",MANXKU4YA,DESLIGADO,GERENTE,6.899185679516889e-4
581,66,"Duran, Valerie",M17U0DSLJ,CONTRATADO,GERENTE,2.2592007312923672e-4
582,78,"Potts, Brittany",T7IIOIN8E,CONTRATADO,VENDEDOR,6.447105978785101e-4
583,68,"Fierro, Alexander",SXY7V9D72,CONTRATADO,VENDEDOR,1.8251448886879836e-4
584,79,"Villalpando, Sara",WFLQ1IVDQ,CONTRATADO,GERENTE,5.5442221835255625e-5
585,91,"Sullivan, Natasha",ESPW3KF7G,CONTRATADO,VENDEDOR,2.763856545090675e-4
586,30,"De Santiago-Enriquez, Araceli",1S0FRD5JO,CONTRATADO,VENDEDOR,6.420641794270561e-4
587,44,"Woodrum, Jeremiah",LZ11JYREQ,CONTRATADO,GERENTE,2.969389126013758e-4
588,95,"Macias, Tarsis",NG8TAY9HB,CONTRATADO,GERENTE,2.6250874996185304e-5
589,20,"Carlin, Edgar",UOJJQ7O9O,CONTRATADO,VENDEDOR,9.928254760297683e-4
590,7,"Delacruz, Esequiel",6MWSDBUPG,CONTRATADO,GERENTE,3.0779122745800504e-4
591,57,"Trujillo Maes, Luis",8GFT5GOCX,CONTRATADO,GERENTE,0.0016833837864115538
592,35,"Garcia Torres, Carmelo",N47N31GNF,CONTRATADO,VENDEDOR,6.234083306645678e-4
593,77,"Meurer, Markus",N5EHOE4YS,CONTRATADO,GERENTE,4.767117205839206e-4
594,58,"Garcia, Jason",QOXA9Z5RI,DESLIGADO,VENDEDOR,3.156858906149864e-5
595,26,"Estrada, Brenna",VUP5AY3Q8,CONTRATADO,VENDEDOR,1.3947010692209007e-4
596,57,"Gonzales, Paul",5KWDUUWZY,CONTRATADO,GERENTE,2.9040909121720034e-4
597,97,"Garcia, Bryan",A70M4FDT1,PESSOA JURIDICA,VENDEDOR,9.251614443453695e-4
598,92,"Sandoval, Robert",UIG81PA8P,CONTRATADO,VENDEDOR,0.0011259788589826525
599,55,"Brunetti, Elysia",2CQGCK5V9,CONTRATADO,VENDEDOR,4.730633374135543e-4
600,16,"Garcia, Leon",4QW7QW8H5,CONTRATADO,VENDEDOR,4.032945632766534e-4
601,85,"Caro, April",8UICKKG7J,DESLIGADO,GERENTE,0.0012589199744806395
602,27,"Sotelo-Campos, Larry",8PL8JSYM4,CONTRATADO,VENDEDOR,1.728782254205732e-5
603,13,"Martinez, Tanya",YT6GGXTH5,PESSOA JURIDICA,VENDEDOR,0.0015173537812286858
604,97,"Perez, Ashley",S42S6P7MV,CONTRATADO,GERENTE,2.82660471541975e-4
605,94,"Mendoza-Bernal, Adam",YDDJUU2F9,CONTRATADO,GERENTE,0.0019592725722917563
606,37,"Herrera, Chelsea",UWSOC8R00,CONTRATADO,VENDEDOR,3.0547990691931975e-4
607,4,"Maldonado Martinez, Veronica",9IL8PP0CI,CONTRATADO,VENDEDOR,8.732760455459357e-5
608,87,"Parra Berdeja, Luis",VNE5E4X0D,CONTRATADO,GERENTE,4.106023996900369e-4
609,6,"Salazar, Carlos",SDBLLSZFH,CONTRATADO,GERENTE,7.403948165140249e-4
610,67,"Lucio Acosta, Claudia",NBD2YGZHE,CONTRATADO,GERENTE,3.306730831243878e-4
611,98,"Alba, Faustino",6EA61PB2B,CONTRATADO,VENDEDOR,1.1716224011033774e-4
612,87,"Estrada, Itzel",Y0XV04X19,CONTRATADO,VENDEDOR,2.6114722657948736e-4
613,13,"Garcia, Margarita",LMYVPRZGU,DESLIGADO,VENDEDOR,6.819139048121072e-4
614,100,"Hedenblad, Jesus",IF2XGACPM,CONTRATADO,VENDEDOR,9.975042454394248e-4
615,66,"Hernandez, Richard",HLBHKTB9H,CONTRATADO,VENDEDOR,2.9634120723414904e-4
616,100,"Dacruz, Brittany",5LQC11GF6,CONTRATADO,VENDEDOR,4.799860528711376e-5
617,42,"Sifuentes, Aileen",IX5HLYN75,CONTRATADO,GERENTE,6.787166356704332e-4
618,74,"Zavala, Gary",0ZQEYJ9MN,PESSOA JURIDICA,VENDEDOR,5.997651461511851e-5
619,18,"Hernandez, Estefani",YB7FN2Z15,CONTRATADO,GERENTE,3.414228558540344e-5
620,77,"Reyes, Alan",ACQ3LMLHI,CONTRATADO,VENDEDOR,2.796783219294665e-4
621,49,"Mendoza, Cristal",Q0RDVJ54I,CONTRATADO,VENDEDOR,6.521298342812821e-5
622,41,"Santoya, Sonia",2F8ONFRW9,CONTRATADO,VENDEDOR,0.0010868682942780403
623,46,"Herrera-Cervantes, Danae",FV0AR9F8Z,CONTRATADO,GERENTE,1.999238558113575e-4
624,87,"Garcia-Gonzalez, Ignacio",XDLE8QDPW,DESLIGADO,VENDEDOR,6.55088886859617e-4
625,44,"Serna, Lizbeth",QSFQQQ2ZB,CONTRATADO,GERENTE,8.286294380298278e-5
626,65,"Herrera, Melissa",OU0EDPNES,CONTRATADO,VENDEDOR,1.8704562904007067e-5
627,14,"Paz, Larissa",KWFOANMSX,CONTRATADO,VENDEDOR,0.0010991582489999678
628,18,"Najera, Michelle",5C9Q8V3ED,CONTRATADO,GERENTE,2.994778582402239e-5
629,67,"Benavidez, Gabriel",SDFV84UTJ,CONTRATADO,VENDEDOR,1.7536560632288456e-4
630,82,"Eurioste, Aubree",PX5KPC4RA,CONTRATADO,VENDEDOR,7.609130888841249e-4
631,87,"Boyer, Maureen",5O7V5XJTH,PESSOA JURIDICA,VENDEDOR,4.755618654023458e-4
632,24,"Gonzalez, Isabel",I4TXEBE9O,CONTRATADO,VENDEDOR,1.140620325239106e-5
633,19,"Escalante, Edgar",JDLEEJZLR,CONTRATADO,GERENTE,8.274115967571898e-5
634,17,"Vazquez Romero, Saul",Q50TF2CKM,CONTRATADO,GERENTE,6.4220114945147e-4
635,62,"Rocha, Stefanie",U2UUVIG21,CONTRATADO,VENDEDOR,3.6038709391332107e-4
636,92,"Gonzalez Torres, Gene",ZUPXP2KIY,CONTRATADO,VENDEDOR,0.0010373453445228482
637,88,"Alatorre, Gilda",8M49PLY1T,CONTRATADO,VENDEDOR,7.888760953805544e-4
638,7,"Vazquez, Alisha",LLVVBN8OA,CONTRATADO,GERENTE,5.53291736526375e-4
639,71,"Guerra, Ananallely",4UH3FQPS5,CONTRATADO,GERENTE,1.9808718096464873e-4
640,42,"Gonzales, Jaime",IWLUQHOT9,CONTRATADO,VENDEDOR,4.097290534358074e-4
641,86,"Rocha, Laura",JSOUL8KYQ,CONTRATADO,VENDEDOR,4.033932588826467e-4
642,43,"Rodriguez Chavez, Natalia",6EB86UG7V,PESSOA JURIDICA,VENDEDOR,2.654268465936184e-4
643,21,"Trujillo, Diamond",MUQ1KJ66S,CONTRATADO,VENDEDOR,4.892998464237501e-4
644,32,"Garfio, Samantha",E0PCMOA4A,CONTRATADO,GERENTE,8.973321151498773e-4
645,49,"Silver, Susan",S8U1TPWJ2,CONTRATADO,VENDEDOR,1.0396696644428643e-4
646,25,"Mariscotti, Jessica",0A94JGM02,CONTRATADO,VENDEDOR,3.6142273320067413e-4
647,83,"Cabrera, Valeria",9B0FAS4EU,DESLIGADO,GERENTE,2.400236410188231e-5
648,54,"Martinez, Christina","NAXTM8YPZ",CONTRATADO,VENDEDOR,0.0013681833715691483
649,74,"Silvas, Andrew",IV9MR8ETD,DESLIGADO,VENDEDOR,4.182895064185907e-4
650,53,"Garcia, Jeremy",J5HONGPCA,CONTRATADO,GERENTE,5.711508452556231e-4
651,24,"Lozano, Christopher",NU5DCVRC6,CONTRATADO,VENDEDOR,2.913824520837117e-4
652,48,"Casias, Haley",0P2MQXY39,CONTRATADO,VENDEDOR,7.99993334338069e-5
653,67,"Perez Torres, Samuel",FJANXSN2G,CONTRATADO,VENDEDOR,6.082954718041112e-4
654,27,"Martinez, Brenda",5XOAKC5XS,CONTRATADO,GERENTE,2.4279010426253082e-4
655,17,"Brasher, Ariella",GRS66WF04,CONTRATADO,VENDEDOR,2.3505796138197186e-4
656,69,"Archuleta, Gerardo",WNBGXPCNF,CONTRATADO,GERENTE,7.871779856173586e-5
657,70,"Hernandez Martinez, Perla",KXW520RDA,CONTRATADO,VENDEDOR,7.135553903283709e-4
658,44,"Sosa, Alfredo",59APQ8S1Q,CONTRATADO,GERENTE,2.3084003608673812e-4
659,71,"Licon, Damian",SZZUBJ4N9,CONTRATADO,VENDEDOR,1.8960747588425876e-4
660,96,"Hernandez, Justin",QPMU21316,CONTRATADO,VENDEDOR,1.6876842653273727e-4
661,40,"Sanchez, Jose",P6YP8LQEE,CONTRATADO,GERENTE,3.8419707930374735e-4
662,26,"Olivares, Gerardo",RLZKG8IUS,CONTRATADO,VENDEDOR,1.247643707320094e-4
663,79,"Cardenas, Ciera",P8LS4DXVE,PESSOA JURIDICA,VENDEDOR,3.3495214617062103e-4
664,81,"Alcaraz, Gary",U42HAJ783,CONTRATADO,VENDEDOR,0.0020174465838855606
665,11,"Dominguez-Baylon, Zakariah",R5D8SRMVL,CONTRATADO,GERENTE,0.0010400517634543325
666,45,"Mesa, Annaleiz",R96CI7IN2,PESSOA JURIDICA,VENDEDOR,1.0900604259222747e-4
667,34,"Ortega, Damon",C6BX4KB7Z,CONTRATADO,GERENTE,5.711176802307711e-4
668,69,"Soto, Joseph",WD1WP0MJD,CONTRATADO,VENDEDOR,8.165048062465289e-4
669,57,"Padilla, Brianna",ALJBTP9KC,CONTRATADO,VENDEDOR,1.065529190003872e-4
670,98,"Sanchez, Bryan",K8G31XKJ5,CONTRATADO,VENDEDOR,3.055658948783804e-5
671,48,"Rivas, Jeremy",I63N837H9,DESLIGADO,VENDEDOR,4.511287987910103e-5
672,9,"Duran, Alyssa",WCD2XRH9X,CONTRATADO,VENDEDOR,3.20426353050356e-4
673,61,"Mendoza-Martinez, Shuree",TTK5WEE3R,CONTRATADO,VENDEDOR,1.6546064596623184e-4
674,75,"Barrientos, Alfonso",C0Z00LDVC,CONTRATADO,GERENTE,0.0022543500362482457
675,61,"Avila, Solomon",KRA85A0EQ,CONTRATADO,VENDEDOR,2.4266423247754575e-4
676,23,"Moreno, Teddy",SNM5CFOIS,CONTRATADO,VENDEDOR,4.412891847138008e-4
677,93,"Quiroz Lopez, Teanna",QSBOPGB1E,CONTRATADO,GERENTE,1.7820677708863406e-4
678,90,"Contreras, Dominic",PCVR40P43,CONTRATADO,VENDEDOR,5.028558760713388e-4
679,5,"Romero, Frankie",A77W73VK0,CONTRATADO,GERENTE,1.2591742742806673e-4
680,40,"Macias, Salvador",Y5UW67SZO,CONTRATADO,VENDEDOR,7.69239841029048e-5
681,10,"De Anda, Leonardo",ZVKDSUN1T,CONTRATADO,GERENTE,6.109407297930815e-4
682,25,"Giron, Steven",Z651C3XCK,CONTRATADO,VENDEDOR,5.233338117431451e-4
683,4,"Turner, Randall",OJOYVUB3Q,CONTRATADO,VENDEDOR,1.4910159055143597e-4
684,94,"Ornelas, Josiah",TL7OVMOC5,CONTRATADO,VENDEDOR,7.350222496679912e-5
685,23,"Marin, Cynthia",05M7GTOE5,CONTRATADO,GERENTE,1.1832936161302885e-4
686,14,"Veatch, Tyler",CC94UMINC,CONTRATADO,VENDEDOR,3.200487017463494e-4
687,18,"Apodaca, Janet",OIEOHSJB8,DESLIGADO,GERENTE,9.234360401698807e-4
688,88,"Martinez, San Juana",JSDX6QZYC,CONTRATADO,VENDEDOR,1.3578187506645917e-4
689,66,"Ortega Jr, Oscar",J8HEC40BC,CONTRATADO,VENDEDOR,3.7046058027256023e-4
690,62,"Ochoa, Adrian",S2EKWGS1P,CONTRATADO,VENDEDOR,2.2986251039278313e-4
691,51,"Marcos, Mason",88YAKO0L9,CONTRATADO,GERENTE,8.19607277925978e-4
692,25,"Cooke, Antonio",A2T6ABTNA,CONTRATADO,VENDEDOR,3.200191026055123e-5
693,66,"Villegas, Ahtziri",BAS7NYI12,CONTRATADO,VENDEDOR,4.51551687958931e-4
694,95,"Hernandez, Michael",YUM3UTAA4,CONTRATADO,VENDEDOR,5.391544124047838e-5
695,75,"Lobato, Alan",SUPG98RYH,CONTRATADO,GERENTE,6.87910234555602e-5
696,56,"Ramirez, Arturo",BQS489P8A,CONTRATADO,VENDEDOR,4.84948555007577e-5
697,55,"Moreno Cervantes, Anna",4ODIK4EZD,CONTRATADO,GERENTE,4.188452969822504e-4
698,21,"Padilla, Carlos",62TWW7M4W,CONTRATADO,VENDEDOR,1.4118489678949117e-4
699,68,"Arellano, Jose",AYGRKKGWF,DESLIGADO,GERENTE,1.021005986269174e-5
700,42,"Garcia, Agustina",JD98EUW8C,CONTRATADO,VENDEDOR,1.5479987282305958e-4
701,2,"Romero, Aron",05SE79GCW,DESLIGADO,GERENTE,1.3235086854547262e-4
702,73,"Reyes, Mikah",3MT4M5DC1,PESSOA JURIDICA,VENDEDOR,3.97538360208273e-5
703,27,"Aguirre, Jose",U1MCDMVXZ,CONTRATADO,GERENTE,5.674740455708601e-4
704,37,"Partida, Shaleena",2CAJFM7IR,DESLIGADO,GERENTE,3.8108813390135765e-5
705,69,"Copeland, Riordan",JANNMVD6D,DESLIGADO,VENDEDOR,4.942372590135385e-4
706,39,"Arellano, Diego",6R6JMS35A,CONTRATADO,VENDEDOR,2.91977953894024e-4
707,94,"Vitela, Ruby",SIVP1J6QD,CONTRATADO,GERENTE,2.2999283578246834e-4
708,99,"Watt, Alexsi",OH941CPDT,PESSOA JURIDICA,VENDEDOR,4.948350347410489e-4
709,61,"Saenz, Joseph",EWIQ5GOL3,CONTRATADO,GERENTE,6.921904571018316e-4
710,41,"Marta Flores, Lucas",625Q3559J,CONTRATADO,VENDEDOR,4.110226437281419e-4
711,11,"Montalvo, Irazu",6VS0RDC6R,CONTRATADO,GERENTE,2.651248713955283e-4
712,59,"Gonzales, Esmeralda",H69R0DVC7,CONTRATADO,VENDEDOR,6.771851340541439e-5
713,7,"Valenzuela, Donovan",9A2I7LD4U,CONTRATADO,VENDEDOR,1.696928331785274e-4
714,51,"Vigil, Mauricio",9FYX3XXUZ,CONTRATADO,VENDEDOR,0.0019764949059831952
715,31,"Lucero, Senceri",7B6M6E5HE,CONTRATADO,GERENTE,3.086983642927435e-5
716,62,"Mccloskey, Grecia",0B9JNPZDW,CONTRATADO,VENDEDOR,2.1636713314801456e-4
717,90,"Finn, Lilly",1TDZD3Y2Y,CONTRATADO,GERENTE,5.073624775354756e-4
718,14,"Sanchez, Isaac",MZW3BWV9X,PESSOA JURIDICA,VENDEDOR,1.6143317483365536e-4
719,64,"Guzman Jimenez, Victor",KSHA6UN93,CONTRATADO,VENDEDOR,1.79659515991807e-4
720,62,"Hernandez, Andrea",60QAXT7N6,PESSOA JURIDICA,VENDEDOR,3.7859358376074323e-4
721,46,"Moreno, Armando",SFMD7H360,CONTRATADO,VENDEDOR,6.163558631799318e-4
722,12,"Lara, Adrian",W9LYYPF2M,PESSOA JURIDICA,VENDEDOR,5.133342376953979e-6
723,77,"Roybal, Joshua",4W458PXLX,CONTRATADO,VENDEDOR,2.711015095934272e-4
724,60,"Legarreta, Rosa",NNIRXH2TV,CONTRATADO,VENDEDOR,4.1852292975593105e-4
725,92,"Salcido-Ramirez, Richelle",JL213ZBE4,CONTRATADO,VENDEDOR,1.546134990119496e-5
726,88,"Torres, Reina",9VW0L0LHH,CONTRATADO,VENDEDOR,6.332383818588354e-4
727,77,"Martinez, Denise",Z8MFX8TNL,CONTRATADO,GERENTE,1.1045696027576924e-4
728,5,"Navarette, Denisse",CBNGTM363,CONTRATADO,VENDEDOR,8.642087746411563e-5
729,26,"Lopez, Alyssa",XN92OWNZE,CONTRATADO,GERENTE,5.922194123268128e-5
730,95,"Ruiz-Apodaca, Christopher",GPENXJZOO,CONTRATADO,VENDEDOR,1.5654238350689412e-4
731,50,"Chaparro, Jairo",RBL515Y3T,CONTRATADO,GERENTE,1.657714850629024e-4
732,15,"Bonney, Cameron",4ZVCEEWV5,CONTRATADO,VENDEDOR,4.7508995932858347e-4
733,93,"Padilla, Yecenia",QDM86UJU8,PESSOA JURIDICA,VENDEDOR,5.456212721597005e-4
734,69,"Mercado, Viola",8WI8OFNT6,PESSOA JURIDICA,VENDEDOR,5.938169620595075e-4
735,45,"Estrada Rojas, Kayleen",R8YPMNYMO,CONTRATADO,VENDEDOR,6.121968474457765e-4
736,57,"Dominguez, Elyse",AI5VBVQPR,CONTRATADO,GERENTE,1.3594597410410643e-4
737,48,"Wojciechowski, Jace",KIIPM2Z4S,DESLIGADO,VENDEDOR,2.8543889781642445e-4
738,17,"Hernandez, Ryan",LZ7IZZALW,CONTRATADO,VENDEDOR,0.0012380725472493366
739,27,"Ramirez, Vania",MKYU3RH6V,CONTRATADO,VENDEDOR,5.717469664771126e-5
740,86,"Lopez, Valerye",BUGYR5AFC,CONTRATADO,VENDEDOR,2.3296949397772553e-4
741,35,"Cruz, Danielle",I32EQVPKZ,PESSOA JURIDICA,GERENTE,2.454180775210261e-4
742,37,"Collazo Hernandez, Christian",PL5266WBX,CONTRATADO,GERENTE,2.217779852449894e-4
743,84,"Ochoa, Ariel",VWUNLJFGE,PESSOA JURIDICA,VENDEDOR,1.6329469066113234e-4
744,84,"Aguirre, Manny",LMT6XCXBH,CONTRATADO,GERENTE,4.194189049303532e-6
745,12,"Lindsay Blocker, Kielan",8EMX34HXB,CONTRATADO,GERENTE,3.9718234363399625e-4
746,71,"Martinez, Justine",F2QDYG0SY,PESSOA JURIDICA,VENDEDOR,8.194064144045115e-5
747,28,"Nevarez, Guadalupe",AVI86NXHM,CONTRATADO,GERENTE,5.2174364143299545e-5
748,31,"Tena-Poncedeleon, Kasandra",K56NYHSM0,CONTRATADO,VENDEDOR,3.9996248147498165e-4
749,6,"Diaz, Cynthia",DP3IR856P,CONTRATADO,VENDEDOR,7.964133433997631e-5
750,37,"Montano, Destiny",8XBKPJQ2J,CONTRATADO,VENDEDOR,3.405786823313285e-4
751,95,"Buzo-Sanchez, Annamarie",OPVDVRPRL,CONTRATADO,VENDEDOR,0.0011768503993077471
752,71,"Barrera, Ashley",6O717J6H6,PESSOA JURIDICA,GERENTE,1.7312511950731278e-4
753,89,"Hernandez, Fernando",WFB83V4Y2,CONTRATADO,VENDEDOR,2.466039622202516e-4
754,75,"Padilla, Sarahi",O24BVLI7R,CONTRATADO,VENDEDOR,1.4593740776181223e-4
755,23,"Aguilar, Carissa",P4UE6U6KS,CONTRATADO,VENDEDOR,4.046560127120067e-4
756,52,"Alvarez Trippany, Adrian",7G4XJ8NG1,CONTRATADO,VENDEDOR,8.33538668552294e-4
757,9,"Giron, Eduardo",D4IYND6MD,CONTRATADO,VENDEDOR,6.446252695880033e-4
758,28,"Olivas, Carolina",QUJ3HM183,CONTRATADO,VENDEDOR,6.76065198298464e-4
759,77,"Trujillo, Marco",MIEE3SDHP,CONTRATADO,VENDEDOR,1.0445608199640762e-4
760,12,"Flores, Arial",0CD0WZVTQ,CONTRATADO,GERENTE,5.081520730483694e-5
761,38,"Romero, Xavier",QNUQ6DMUD,CONTRATADO,VENDEDOR,6.256813371221747e-5
762,81,"Flores, Lucas",24VC3S1HR,CONTRATADO,VENDEDOR,6.891115575692751e-4
763,92,"Rodriguez, Marie",MHO6Y32MK,CONTRATADO,VENDEDOR,3.8779076747596264e-5
764,77,"Vasquez, Elizabeth",AXQX1KLI0,CONTRATADO,GERENTE,0.0010366740607330664
765,42,"Debora, Jonah",Y9HFSN45G,CONTRATADO,GERENTE,3.594291877498532e-4
766,54,"Trujillo, Ania",KLL035KBG,CONTRATADO,VENDEDOR,3.2154066860675814e-5
767,2,"Meza, Daniell",OAW6DT788,DESLIGADO,VENDEDOR,2.3217732775956392e-4
768,58,"Urieta Nunez, Maria",KKP0FN5NA,DESLIGADO,VENDEDOR,1.5398176424205303e-4
769,7,"Barrera, Evangelina",Z28B1NDYF,DESLIGADO,VENDEDOR,5.873221073845082e-4
770,19,"Villalobos-Valles, Alvin",MFA1MF49E,CONTRATADO,GERENTE,0.0020065438131807323
771,55,"Norton, Arianna",DQ0AZ72V6,CONTRATADO,VENDEDOR,5.338199931960155e-4
772,44,"Rivera, Jasmine",R83FTR108,PESSOA JURIDICA,VENDEDOR,1.2005290165543557e-4
773,18,"Gomez, Dean",Q5R9LPRU2,CONTRATADO,VENDEDOR,4.6090854441929355e-4
774,87,"Gonzalez Hernandez, Bryan",81LR8ZL0R,CONTRATADO,VENDEDOR,2.1118205189704897e-4
775,4,"Leon Peraza, Sarayma",7Q3GD4R8I,DESLIGADO,VENDEDOR,5.052464928309966e-4
776,19,"Martinez, Christopher",P36VEW251,DESLIGADO,VENDEDOR,7.171848505399325e-4
777,4,"Leslie, Francisco",7MBD9MM8N,CONTRATADO,VENDEDOR,5.947586475193739e-5
778,88,"Enriquez, Michael",Z43EMRCYB,CONTRATADO,VENDEDOR,1.8609226699918508e-4
779,48,"Canales, Adam",WHE2LDHMQ,CONTRATADO,VENDEDOR,5.55825604464779e-4
780,20,"Acosta Leyva, Yadira",LFZB3T1VF,CONTRATADO,VENDEDOR,1.507948588579893e-4
781,91,"Marroquin, Fernando",TRKYMF327,CONTRATADO,GERENTE,0.0014200478277260307
782,74,"Montoya, Tiana",W2W2ENHW3,CONTRATADO,GERENTE,7.754605159513477e-4
783,78,"Rios, Andrew",ERFDMGD6C,DESLIGADO,GERENTE,6.640138558707334e-4
784,58,"Maes, Alyssa",K0VK5QNY1,CONTRATADO,GERENTE,3.353702515195657e-4
785,21,"Vasques Villicana, Zoe",QARTW9B79,CONTRATADO,GERENTE,8.267975963316062e-4
786,78,"Medina, Oman",ILIBZC1IW,CONTRATADO,VENDEDOR,1.483214044943452e-4
787,84,"Mena Mijangos, Jennifer",26I9GPFG1,CONTRATADO,VENDEDOR,0.0010154665059837248
788,90,"Rivera, Vincent",BEEMJUKV0,CONTRATADO,VENDEDOR,0.001211661666564484
789,32,"Trevino, Santiago",RTJF8HDIY,CONTRATADO,VENDEDOR,5.948442227802374e-4
790,33,"Gutierrez Morones, Toni",6N11SGMOP,DESLIGADO,GERENTE,2.652870822697878e-4
791,79,"Ibarra-Ornelas, Julian",T9KEXAV5H,CONTRATADO,VENDEDOR,2.71970022842288e-4
792,56,"Leyva, Christian",IAHO3VGPY,PESSOA JURIDICA,GERENTE,3.366503897886325e-4
793,56,"Cerna Sanchez, Karen",UFV68M2PK,CONTRATADO,VENDEDOR,9.415796480568792e-4
794,78,"Mcdaniel, Jose",Q8Q8S0V16,CONTRATADO,VENDEDOR,4.604703757743884e-4
795,44,"Velasco, Jorge",ZA6O8MRFT,CONTRATADO,VENDEDOR,6.125585384330847e-4
796,4,"Diaz Hernandez, Rocio",M33SKM1C3,CONTRATADO,VENDEDOR,2.4748047026679254e-5
797,61,"Baker, Kimberly",VH7GM6071,CONTRATADO,VENDEDOR,7.024663521443982e-4
798,9,"Bryant, Daisy",I27S0JB6Z,CONTRATADO,VENDEDOR,3.559202108364154e-4
799,17,"Apodaca, Devin",7DRROJ8I7,CONTRATADO,VENDEDOR,3.760448645632316e-4
800,80,"Vargas, Sergio",BZTIKFQA4,DESLIGADO,VENDEDOR,2.1648908630013468e-4
801,25,"Chavez, Claudia",4A39KOJMP,CONTRATADO,VENDEDOR,5.452697433363248e-4
802,35,"Carranza, Seth",KMORPMQFM,CONTRATADO,VENDEDOR,4.250747736375381e-4
803,97,"Trujillo, Dominic",6CHEQCONU,CONTRATADO,VENDEDOR,3.609437928468796e-4
804,91,"Vigil-Perez, Gloria",7KDAGGYJ9,CONTRATADO,VENDEDOR,6.155965380034543e-4
805,98,"Portillo, Raul",A51TC54Q0,CONTRATADO,VENDEDOR,5.5997060025189774e-5
806,21,"Zamarripa Ramirez, Ashtin",E8OKO4IIN,CONTRATADO,GERENTE,1.3224162943661214e-4
807,30,"Trujillo, Gustavo",QBTXPROZA,CONTRATADO,GERENTE,9.394851718097925e-5
808,78,"Camacho, Hilda",ECRDGIQP3,PESSOA JURIDICA,GERENTE,5.8984252251684665e-5
809,3,"Andrade, Irvin",1020CWM2K,CONTRATADO,VENDEDOR,4.4250897614467636e-4
810,54,"Serna Castorena, Michael",UU82IAHU6,CONTRATADO,VENDEDOR,3.544041450898696e-4
811,64,"Corona, Chelsie",0C06BFQ1S,CONTRATADO,GERENTE,5.135175213217736e-5
812,1,"Montes Carrera, Erica",34RVYNCB9,PESSOA JURIDICA,VENDEDOR,8.830526627172921e-5
813,44,"Jones, Sarahi",S1CKWOE7P,CONTRATADO,VENDEDOR,2.5349900983273984e-4
814,11,"Garcia Flores, Juanito",YWCDXD1FE,CONTRATADO,VENDEDOR,3.5408196410346515e-4
815,38,"Griego, Gilberto",5RJGUABRU,CONTRATADO,VENDEDOR,0.0011942275505177713
816,68,"Villicana-Garcia, Ernesto",6D7Z31K55,CONTRATADO,VENDEDOR,1.461776936426759e-4
817,17,"Jaques, Audrey",EFJ0AMS7A,DESLIGADO,VENDEDOR,4.409956309841556e-4
818,73,"Ruvalcaba, Enrique",W3C0BCSMT,CONTRATADO,VENDEDOR,3.365945094093027e-4
819,80,"Romero, Natasha",6WM0WMKB2,CONTRATADO,VENDEDOR,8.048307455740073e-4
820,24,"Gonsalez-Arce, Rogelia",F419B49JO,CONTRATADO,GERENTE,4.661092807344408e-5
821,28,"Sanchez, Nestor",V655KN0SU,CONTRATADO,VENDEDOR,1.920449372380972e-4
822,92,"Madera, Vanessa",VZQC6Y4XV,CONTRATADO,VENDEDOR,1.9881100952625274e-4
823,6,"Culbertson, Valentin",R1BASIC8Q,PESSOA JURIDICA,VENDEDOR,2.9661024881709106e-4
824,2,"Linares, Adrian",Z6R3IZ5O4,CONTRATADO,VENDEDOR,5.964452430269815e-4
825,56,"Sullivan, Santana",F2VU3Y7JD,CONTRATADO,GERENTE,1.3639905247837307e-4
826,83,"Trujillo, Leticia",RN8OVSTK0,CONTRATADO,VENDEDOR,2.1359433196485044e-4
827,96,"Moscoso, Maria",I56PT79A0,CONTRATADO,GERENTE,3.7955754958337906e-4
828,33,"Vera, Michaela",0QA90AKRP,CONTRATADO,VENDEDOR,6.55362378449294e-5
829,96,"Velasquez, Aramis",E7LNN2UU3,CONTRATADO,VENDEDOR,1.0754277873784304e-4
830,67,"Maldonado, Jonathan",FP4W3T14J,PESSOA JURIDICA,VENDEDOR,5.382624324243118e-4
831,26,"Gonzales, Juan",FA4HN7VTO,DESLIGADO,VENDEDOR,1.845251433664882e-4
832,33,"Gonzalez, Adalberto",CLVHTB63Z,CONTRATADO,VENDEDOR,2.386365868151188e-5
833,31,"Romero, Javier",JO2W0RYSP,DESLIGADO,VENDEDOR,2.352246491238475e-4
834,55,"Kuehneman, Mariana",T8Q62F4AS,CONTRATADO,VENDEDOR,2.3805716801434757e-4
835,48,"Ortiz, Elijah",552TAKO2I,CONTRATADO,VENDEDOR,6.76297207143078e-4
836,52,"Perez, Francisco",G6C1DFTF5,CONTRATADO,VENDEDOR,3.4134510787843976e-5
837,61,"Villegas, Nicole",FOKXLKGEJ,CONTRATADO,VENDEDOR,9.612783960493949e-4
838,37,"Fink, Victor",YSELG775R,CONTRATADO,VENDEDOR,3.340828569026918e-4
839,20,"Soto, Nicole",SR7FSVGCL,CONTRATADO,VENDEDOR,0.0013827764421029285
840,84,"Fernandez, Saraya",5MG8ABUXW,PESSOA JURIDICA,VENDEDOR,5.049523018132498e-4
841,30,"Gallegos, Yudith",DFBSZOJ1B,CONTRATADO,GERENTE,0.0010181453369053747
842,51,"Estrada, Martin",0AG4U9X4V,CONTRATADO,VENDEDOR,1.083503110183545e-5
843,60,"Garcia, Alexander",FBYDIRJQC,CONTRATADO,GERENTE,1.0794847197830677e-4
844,60,"Lira Garcia, Kalyn",NYYYFWUWZ,CONTRATADO,VENDEDOR,1.1285570077598095e-4
845,4,"Torres, Kyle",OGDKBBPZ4,CONTRATADO,VENDEDOR,4.081002112309982e-4
846,78,"Guzman, Marco",VRF9T611K,CONTRATADO,VENDEDOR,2.4884888976812363e-4
847,83,"Lopez, Austin",PWRG9G7A6,PESSOA JURIDICA,VENDEDOR,1.297953380728552e-4
848,50,"Rubio, Sandra",9FD0US07J,PESSOA JURIDICA,VENDEDOR,3.926825835961534e-4
849,45,"Robles, Jasmin",NKQ4OZJCA,CONTRATADO,VENDEDOR,3.512177756609052e-4
850,17,"Reyes, Jose",MJN91T8MG,CONTRATADO,VENDEDOR,5.9659689106047153e-5
851,25,"Perez Aguilera, Javier",XGQ9GC32S,CONTRATADO,VENDEDOR,8.425074824038845e-4
852,91,"Avila, Jasmine",0I9W2N5QT,PESSOA JURIDICA,GERENTE,5.805442943832971e-4
853,49,"Soria, Isabel",YAVZ2LFR7,DESLIGADO,VENDEDOR,1.5472838506102563e-4
854,22,"Silva, Eli",XRMRKPH2V,PESSOA JURIDICA,VENDEDOR,9.315230213105679e-5
855,49,"Urbina Medina, Raul",OCJG79OBW,CONTRATADO,VENDEDOR,0.0013721572696490482
856,35,"Valenzuela, Sergio",KL7MJ1480,CONTRATADO,VENDEDOR,4.320172965526581e-6
857,48,"Renteria, Riley",GVB8M5AK8,CONTRATADO,VENDEDOR,2.601674834266305e-4
858,82,"Jaramillo, Anthony",7EGS02C6L,CONTRATADO,VENDEDOR,2.037770822644234e-4
859,52,"Mccully, Ana",R720HFM8Z,CONTRATADO,VENDEDOR,5.338272999804069e-4
860,73,"Kusterer, Stephanie",IBI6ELZER,CONTRATADO,VENDEDOR,3.7956668546605595e-4
861,54,"Lara, Claudia",Y97S8NJBM,CONTRATADO,GERENTE,7.961925845590628e-5
862,29,"Ceja, Adrian",IAW9ONXX0,CONTRATADO,VENDEDOR,3.721943162213612e-4
863,3,"Brady, Jesus",6GIRR7F7C,CONTRATADO,VENDEDOR,5.985300372730154e-5
864,30,"Chavez, Jose",1H1VXRWH5,CONTRATADO,GERENTE,1.3684262558817865e-4
865,35,"Archuleta, Teresita",GVKTHR9VO,CONTRATADO,VENDEDOR,6.590529001913168e-4
866,29,"Vazquez, Elena",SZJBGR860,CONTRATADO,VENDEDOR,3.9829131774604325e-5
867,10,"Ramirez, Maria",AYLQQDA0U,CONTRATADO,GERENTE,1.851735830307007e-4
868,71,"Manzanares, Aracely",9JZEVW04L,CONTRATADO,GERENTE,5.89801464893276e-4
869,70,"Rascon, Nico",VIW6BWNAY,CONTRATADO,VENDEDOR,1.6418838501229741e-4
870,80,"Maes, Valeria",V27DVORI1,CONTRATADO,VENDEDOR,6.785420514643193e-6
871,97,"Rodriguez, Rosalba",E780S07E4,CONTRATADO,VENDEDOR,3.370959410298711e-4
872,98,"Delgadillo Nevarez, Stephanie",RRAA4EIZN,CONTRATADO,VENDEDOR,1.2793620508164168e-4
873,18,"Aragon, Jazmine",YDGI0UGIS,DESLIGADO,GERENTE,5.375522263348103e-5
874,63,"Gamino, Marissa",YV1QP7T6J,CONTRATADO,GERENTE,8.131256408653358e-4
875,59,"Vazquez-Gonzalez, Aide",H0MMMGTS4,DESLIGADO,VENDEDOR,3.3849700546251135e-4
876,66,"Jaquez, Xochitl",4QMOPNKYK,CONTRATADO,GERENTE,0.0011890258239625232
877,48,"Sapien, Alexander",FQXSUF5QQ,CONTRATADO,VENDEDOR,8.753526564687491e-5
878,67,"Gonzalez, Jared",BRZ9JXWBA,CONTRATADO,GERENTE,4.5071887036967766e-4
879,9,"Dominguez, Solomon","NAXYW63NC",CONTRATADO,VENDEDOR,2.4314350597560408e-4
880,66,"Manriquez, Maria",5V4L912O0,CONTRATADO,VENDEDOR,6.782930325716735e-5
881,61,"Delgado, Ramona",ATWFWB1H8,PESSOA JURIDICA,VENDEDOR,1.0533757507801056e-5
882,93,"Aguilar Arevalo, Kimberly",INTA0FNZW,CONTRATADO,GERENTE,0.0010637523017319587
883,37,"Gurule, Destiny",YEMB3C9L3,PESSOA JURIDICA,VENDEDOR,0.0019582019037322146
884,11,"Martinez, Angelica",QRDZINM4B,CONTRATADO,GERENTE,2.337325481697917e-4
885,87,"Garcia, Christopher",N3BMA0YR6,CONTRATADO,GERENTE,8.045288823208907e-4
886,99,"Hernandez, Erica",8B5LFQ86Z,PESSOA JURIDICA,VENDEDOR,1.049726785339585e-4
887,67,"Fernandez, Brittany",73NZ8FIWN,CONTRATADO,VENDEDOR,5.243424233049154e-5
888,98,"Jimenez-Saucedo, Anthony",RD9P3EDWI,CONTRATADO,GERENTE,1.6204847302287817e-4
889,23,"Ramirez, Lily",J0GNKS2FF,PESSOA JURIDICA,VENDEDOR,2.6073234198048036e-005
890,52,"Porras Best, Richard",3GLJYIFWL,CONTRATADO,VENDEDOR,8.95182878473654e-4
891,67,"Casillas, Ivan",8B3D9PIJC,CONTRATADO,VENDEDOR,6.882136121056177e-4
892,93,"Cisneros, Sergio",0TSW0O2MX,CONTRATADO,GERENTE,8.657502360137847e-4
893,50,"Martinez, Mariah",E16QC6PYT,DESLIGADO,VENDEDOR,2.0926041398197415e-4
894,86,"Grossetete-Alfaro, Cesar",W27NKX3G6,CONTRATADO,VENDEDOR,5.769031762038214e-4
895,51,"Casillas, Marissa",BDT36RWBE,CONTRATADO,VENDEDOR,4.893668709660474e-4
896,49,"Garcia, Jasmine",AFP2YAXUD,PESSOA JURIDICA,GERENTE,9.138778484853651e-4
897,25,"Pacheco Peralta, Marcos",518NG1LLT,CONTRATADO,VENDEDOR,7.25284223224888e-4
898,80,"Trujillo, Jesus",6LJCLNLEA,CONTRATADO,VENDEDOR,5.492745842616607e-4
899,58,"Molina, Jovana",A3XBEL8HJ,CONTRATADO,VENDEDOR,4.609910622239113e-5
900,7,"Quinonez, Fermin",XGF9FDEZZ,CONTRATADO,VENDEDOR,1.6363719105720522e-4
901,99,"Garcia, Brenda",LFPRIBUY5,CONTRATADO,GERENTE,8.073893822393515e-4
902,94,"Torres, Jacob",RXIKK3RHX,CONTRATADO,VENDEDOR,5.756975710391999e-6
903,79,"Medina, Leon",W4U4SP8X0,CONTRATADO,VENDEDOR,3.6233545055795204e-4
904,36,"Romero, Gabriel",K8TQWPIRT,CONTRATADO,VENDEDOR,5.720775313339331e-4
905,8,"Caro, Alejandra",POUZ1GSIQ,PESSOA JURIDICA,VENDEDOR,1.2001134883612395e-4
906,59,"Pineda, Fernanda",6T7LDAJR6,CONTRATADO,VENDEDOR,3.128698866646338e-4
907,66,"Trujillo, Katelynn",1SRHUXH2F,CONTRATADO,VENDEDOR,4.6937845682907593e-4
908,32,"Arechederra, Aaron",4ZYNZBIU4,DESLIGADO,VENDEDOR,3.77502428367734e-5
909,30,"Cerrillo, Lucero",BFX1ZI43G,PESSOA JURIDICA,GERENTE,5.091894108634044e-4
910,27,"Zamarripa, Arturo",UT1IUNWF1,CONTRATADO,VENDEDOR,2.0338509120047094e-4
911,35,"Acosta, Kenneth",QGTZOOE1M,CONTRATADO,GERENTE,1.7983423031085452e-6
912,45,"Ampudia, Jesus",MI5G34N81,CONTRATADO,GERENTE,0.0010599276802929784
913,29,"Martinez, Mariela",U17STOSV8,CONTRATADO,VENDEDOR,9.43946135570909e-5
914,66,"Portillo, Moises",XQMLYXOT0,CONTRATADO,GERENTE,1.650868704996991e-4
915,68,"Chairez, Analisia",GE7VCBNJH,PESSOA JURIDICA,VENDEDOR,9.728473863991644e-4
916,9,"Hernandez, Gianni",TA7KECAIF,CONTRATADO,VENDEDOR,5.611364599317313e-5
917,41,"Jean, Ruben",H1TS6CJAJ,CONTRATADO,VENDEDOR,5.509266339074422e-4
918,69,"Carter, Damien",QJVECPEIW,CONTRATADO,VENDEDOR,2.419463176046992e-4
919,54,"Lopez, Lorka",YQTGVBQYI,CONTRATADO,GERENTE,7.163575780026748e-5
920,51,"Renteria, Guadalupe",WZV9YKDT7,CONTRATADO,GERENTE,1.5537624116986992e-4
921,89,"Zapien, Disteny",8LB6WVLCR,CONTRATADO,VENDEDOR,7.134543724022008e-4
922,69,"Gonzalez, Jonathon",WNJB85HW2,CONTRATADO,GERENTE,3.7388859043630354e-4
923,9,"Montano, Christopher",K2KAV4US9,DESLIGADO,GERENTE,0.001199577131800194
924,17,"Garcia, Mariah",ZT6WNPX4O,CONTRATADO,VENDEDOR,1.2621000948261844e-4
925,37,"Guerra, Reynaldo",0K61O1WJH,PESSOA JURIDICA,VENDEDOR,2.376006254926324e-4
926,36,"Jiricek, Mariah",8D5TYUL69,CONTRATADO,VENDEDOR,3.3293402752089985e-4
927,83,"Barela, Jakob",KIK7U0IQU,DESLIGADO,VENDEDOR,3.2653877435434353e-4
928,69,"Alvear, Cameron",W2410154Y,CONTRATADO,GERENTE,7.327384136281111e-4
929,34,"Fematt, Sandra",2BZJMGNR9,CONTRATADO,VENDEDOR,2.398595605045557e-5
930,41,"Chavez, Luis",MEIHD2DDB,CONTRATADO,VENDEDOR,2.111417166888714e-5
931,49,"Perea, Burkie",BBTJFRVI0,CONTRATADO,VENDEDOR,9.23293837109461e-4
932,40,"Huston-Harkin, Michael",86W4KDJB3,CONTRATADO,VENDEDOR,5.025726601313402e-4
933,51,"Rivera, Mario",1Y7ARRDPK,CONTRATADO,VENDEDOR,1.6074118939330009e-4
934,78,"Israel, Jose",VADLTPRMU,CONTRATADO,VENDEDOR,4.4047244450259697e-4
935,7,"Lucero, Jalyn",KX1C1L1UP,CONTRATADO,VENDEDOR,1.1911316961050034e-5
936,77,"Iniguez-Salgado, Jose",516RSIZ2W,PESSOA JURIDICA,VENDEDOR,1.343397717922926e-4
937,86,"Martinez, Crystal",OVZ34PBDI,CONTRATADO,GERENTE,4.33450567705517e-4
938,23,"Gomez, Mateo",FDJ9EZWLP,DESLIGADO,VENDEDOR,3.3665003429419587e-4
939,97,"Morales, Isaac",L0B4XW398,CONTRATADO,VENDEDOR,8.204385250470737e-4
940,34,"Flores, Jacqueline",H0UQTQIXK,CONTRATADO,VENDEDOR,7.741203777155973e-4
941,25,"Lara, Robin",7WT5357GD,PESSOA JURIDICA,VENDEDOR,8.515456968803953e-4
942,47,"Adamson, Andrea",R8CNH0APQ,CONTRATADO,GERENTE,8.296853898742481e-5
943,89,"Trujillo, Berenice",2045XYHUO,CONTRATADO,VENDEDOR,4.6868503688085567e-4
944,96,"Mcneil, Jazmin",Z3UM0Y9M7,CONTRATADO,VENDEDOR,2.1869055964052677e-4
945,100,"Flores, Alan",Y3M31H7A4,CONTRATADO,VENDEDOR,8.526924997568131e-5
946,99,"Aragon, Maribel",0B7RAWQVG,CONTRATADO,VENDEDOR,7.571420594713785e-4
947,95,"Armijo, Chanel",U3J5P1IBQ,CONTRATADO,VENDEDOR,1.2320759012331465e-4
948,66,"Rivas, Yessenia",IL81G1KTL,CONTRATADO,VENDEDOR,2.158240342512727e-4
949,33,"Sanchez Fuentes, Vanessa",RZRV82YOF,CONTRATADO,GERENTE,1.452078226953745e-4
950,88,"Matul, Aurelio",6A9852VIU,CONTRATADO,GERENTE,6.810623459181883e-4
951,63,"Florez, Itzel",YJRHZ43F2,CONTRATADO,VENDEDOR,5.598205946361215e-5
952,35,"Tabarez, Carlos",376Z8P831,CONTRATADO,VENDEDOR,4.302036788146545e-4
953,40,"Contreras, Renee",WR1I7WSFZ,CONTRATADO,VENDEDOR,2.6762279253453016e-4
954,88,"Arocha, Ruben",KSQ9LIOAZ,PESSOA JURIDICA,VENDEDOR,1.579195898351132e-4
955,32,"Simental, Claribel",EEQ1LPIBG,CONTRATADO,VENDEDOR,5.66821064570727e-5
956,38,"Milanes, Adan",AVHVHLY7N,CONTRATADO,GERENTE,0.0014427056990193707
957,94,"Vallejos, Mason",GB6LGVZX5,DESLIGADO,VENDEDOR,6.634442358872987e-4
958,68,"Martinez, Cesar",1O65N5LKW,PESSOA JURIDICA,GERENTE,1.568881517994424e-4
959,64,"Macias, Melinda",PWRFXQDUL,CONTRATADO,VENDEDOR,3.6800351451878684e-4
960,57,"Nevarez, Stephanie",EOIYYA397,CONTRATADO,GERENTE,1.603095460729465e-5
961,27,"Martinez, Andre",64H63VTJH,CONTRATADO,GERENTE,6.92411836203108e-4
962,53,"Pinon Heredia, Elijah",DW1R6U5HX,CONTRATADO,VENDEDOR,7.875762603840926e-4
963,32,"Chavez, Edgar",INOB95T81,CONTRATADO,GERENTE,3.2615777477622035e-5
964,64,"Arellano, Roberto",X9RA5E122,CONTRATADO,VENDEDOR,6.583972815424204e-5
965,5,"Valdez, Simone",7BGT25XG5,DESLIGADO,VENDEDOR,1.8624325003474952e-4
966,46,"Aguirre, Victoria",D384FW9DB,CONTRATADO,VENDEDOR,9.081814605742693e-5
967,18,"Bathrick, Angela",JSY9BHPPZ,CONTRATADO,VENDEDOR,9.222176671028137e-5
968,96,"Romero, Destiny",Y9N12U8UC,CONTRATADO,VENDEDOR,3.438149930675009e-4
969,21,"Sutherland, Joshua",ZK5DQIBHK,CONTRATADO,VENDEDOR,4.3490477435326354e-4
970,62,"Flores, Ricardo",DTZR82CAB,CONTRATADO,VENDEDOR,1.1622480377554894e-4
971,4,"Vazquez-Sanchez, Taylor",MJUSAOEDX,DESLIGADO,VENDEDOR,2.120008723810315e-4
972,15,"Gonzalez, Aaron",67P84WJZ1,CONTRATADO,VENDEDOR,3.286593950235796e-4
973,67,"Cardenas, Flora",AOXDX3IQA,CONTRATADO,VENDEDOR,4.722278792243053e-4
974,100,"Chavez, Jackeline",S00N0IGS7,CONTRATADO,VENDEDOR,3.8466035058172484e-5
975,31,"Ortiz Mendoza, Diana",X01IUGDVE,CONTRATADO,GERENTE,4.720061828819084e-5
976,5,"Roberson, Alora-Beth",X4REMNP2X,CONTRATADO,VENDEDOR,1.8776204474270345e-4
977,15,"Cano, Sergio",IK10EYJWR,CONTRATADO,VENDEDOR,3.6452761775064953e-4
978,88,"Moreno, Kristina",UW0KRHGNW,CONTRATADO,VENDEDOR,4.520175702701856e-4
979,44,"Ibarra, Shanelle",MRB3RBZ0L,CONTRATADO,VENDEDOR,3.2989041170287616e-4
980,45,"Manzanares, Joseph",9OY88XDIG,DESLIGADO,VENDEDOR,2.2398538812994957e-4
981,57,"Lovato, Vanessa",8DBKZ9CNS,CONTRATADO,GERENTE,2.2349123656749726e-4
982,64,"Munoz Tamayo, Steven",5TSF4NT2N,PESSOA JURIDICA,VENDEDOR,3.8181361516895934e-4
983,27,"Moreno, Elsa",U9E87WTNO,CONTRATADO,GERENTE,3.7404303158227077e-4
984,36,"Gallegos, Gianna",IQ4HHLSAG,CONTRATADO,VENDEDOR,2.5464846938848495e-4
985,92,"Jimenez, Makayla",EG6OW4DSL,PESSOA JURIDICA,GERENTE,1.6376844979822637e-4
986,53,"Martinez, Luis",KS5AJZYEG,CONTRATADO,VENDEDOR,1.9354139748202574e-5
987,1,"Quinones, Josephine",K981PKRPE,CONTRATADO,VENDEDOR,8.424593396484852e-5
988,90,"Valdez, Ryan",YTZQD0C1S,DESLIGADO,VENDEDOR,3.558848436753798e-4
989,24,"Medel Ramirez, Jalen",H9G86GD0F,CONTRATADO,GERENTE,2.2425732333763147e-5
990,35,"Armendariz, Desna",IUPG3HIE2,CONTRATADO,VENDEDOR,2.4001814201474192e-4
991,72,"Lujan, Mariana",WSLWRILSI,CONTRATADO,VENDEDOR,2.270142341965131e-5
992,77,"Romero Mendez, Gabriel",6X03CR0QV,CONTRATADO,VENDEDOR,1.2968157366305145e-4
993,68,"Spinuzzi, Jovanna",4O3SLI9EZ,DESLIGADO,VENDEDOR,2.721362341195345e-4
994,45,"Carreras, Chris",M7RBWGL1Z,CONTRATADO,VENDEDOR,3.9819632855878057e-4
995,52,"Castaneda, Allison",GP46L5ZFS,CONTRATADO,GERENTE,1.4843732491135597e-4
996,82,"Hernandez, Maria",QOY7D56IB,CONTRATADO,VENDEDOR,3.6274348309445865e-4
997,84,"Reyes, Stephen",T8RYEXVEO,CONTRATADO,VENDEDOR,3.079441428016473e-4
998,34,"Cabrera-Ramirez, Jesus",8932ZR905,CONTRATADO,VENDEDOR,7.203799262306787e-4
999,34,"Morales, Matthew",FLUCKY4SL,CONTRATADO,VENDEDOR,7.522782683372498e-6
1000,84,"Casillas-Sanchez, Jose",6XU40RTAQ,CONTRATADO,VENDEDOR,9.608791991664806e-4
